fatality_sk,age
1,74
2,19
3,33
4,32
5,61
6,47
7,29
8,19
9,55
10,45
11,50
12,45
13,61
14,74
15,25
16,4
17,27
18,66
19,27
20,65
21,32
22,25
23,69
24,59
25,68
26,69
27,68
28,76
29,35
30,55
31,63
32,66
33,61
34,30
35,34
36,26
37,46
38,50
39,85
40,92
41,76
42,60
43,74
44,26
45,60
46,59
47,45
48,90
49,32
50,49
51,21
52,21
53,16
54,22
55,21
56,23
57,80
58,23
59,64
60,17
61,71
62,66
63,60
64,54
65,18
66,24
67,27
68,38
69,97
70,83
71,49
72,36
73,70
74,29
75,26
76,43
77,61
78,52
79,22
80,53
81,44
82,57
83,18
84,18
85,53
86,25
87,44
88,64
89,17
90,43
91,83
92,71
93,69
94,87
95,58
96,45
97,43
98,38
99,15
100,27
101,63
102,38
103,36
104,47
105,78
106,19
107,76
108,23
109,78
110,25
111,29
112,37
113,71
114,18
115,42
116,15
117,26
118,21
119,60
120,57
121,30
122,36
123,48
124,60
125,68
126,66
127,65
128,19
129,20
130,35
131,28
132,45
133,30
134,70
135,31
136,62
137,69
138,83
139,51
140,37
141,66
142,76
143,55
144,31
145,60
146,56
147,55
148,82
149,43
150,66
151,21
152,56
153,29
154,75
155,53
156,32
157,31
158,42
159,40
160,56
161,40
162,13
163,64
164,24
165,27
166,37
167,81
168,80
169,21
170,39
171,27
172,54
173,17
174,76
175,19
176,55
177,44
178,28
179,91
180,45
181,11
182,53
183,63
184,62
185,43
186,73
187,24
188,46
189,48
190,69
191,30
192,37
193,51
194,46
195,73
196,78
197,73
198,74
199,20
200,18
201,27
202,27
203,14
204,37
205,53
206,41
207,27
208,48
209,34
210,22
211,58
212,68
213,5
214,15
215,37
216,56
217,20
218,21
219,30
220,35
221,2
222,59
223,76
224,76
225,51
226,44
227,34
228,77
229,19
230,65
231,21
232,27
233,21
234,33
235,19
236,49
237,34
238,61
239,11
240,39
241,30
242,49
243,41
244,31
245,76
246,78
247,20
248,9
249,15
250,37
251,30
252,52
253,1
254,52
255,93
256,87
257,37
258,31
259,34
260,53
261,23
262,27
263,65
264,19
265,57
266,18
267,57
268,72
269,81
270,83
271,60
272,66
273,44
274,21
275,79
276,17
277,32
278,53
279,74
280,22
281,22
282,58
283,23
284,74
285,32
286,41
287,17
288,53
289,22
290,22
291,51
292,84
293,50
294,65
295,59
296,25
297,22
298,56
299,48
300,21
301,38
302,35
303,37
304,60
305,56
306,63
307,20
308,81
309,80
310,18
311,36
312,57
313,28
314,96
315,63
316,38
317,58
318,15
319,62
320,62
321,39
322,23
323,26
324,25
325,21
326,50
327,40
328,57
329,44
330,64
331,60
332,68
333,23
334,54
335,63
336,13
337,29
338,56
339,44
340,17
341,53
342,23
343,53
344,56
345,19
346,78
347,70
348,42
349,31
350,66
351,20
352,49
353,61
354,20
355,21
356,69
357,80
358,68
359,52
360,81
361,46
362,37
363,6
364,23
365,34
366,25
367,21
368,19
369,32
370,43
371,49
372,34
373,35
374,60
375,28
376,50
377,73
378,68
379,72
380,78
381,79
382,37
383,37
384,20
385,29
386,63
387,35
388,69
389,52
390,27
391,22
392,75
393,47
394,51
395,67
396,36
397,3
398,47
399,70
400,38
401,79
402,24
403,27
404,68
405,65
406,30
407,31
408,28
409,50
410,16
411,27
412,96
413,59
414,55
415,60
416,80
417,57
418,54
419,43
420,23
421,59
422,25
423,63
424,20
425,20
426,34
427,23
428,30
429,75
430,71
431,78
432,55
433,61
434,49
435,17
436,40
437,18
438,16
439,19
440,53
441,63
442,56
443,20
444,18
445,20
446,87
447,55
448,54
449,16
450,63
451,33
452,67
453,33
454,69
455,56
456,71
457,67
458,28
459,3
460,59
461,37
462,84
463,51
464,85
465,39
466,67
467,19
468,26
469,32
470,64
471,73
472,11
473,63
474,17
475,83
476,25
477,28
478,57
479,33
480,60
481,67
482,59
483,17
484,29
485,32
486,72
487,19
488,47
489,82
490,17
491,18
492,80
493,18
494,18
495,26
496,73
497,33
498,0
499,18
500,20
501,58
502,61
503,80
504,22
505,30
506,29
507,44
508,24
509,85
510,47
511,84
512,15
513,54
514,8
515,81
516,36
517,83
518,63
519,85
520,46
521,19
522,76
523,44
524,55
525,73
526,57
527,49
528,57
529,29
530,72
531,64
532,81
533,33
534,56
535,21
536,35
537,63
538,68
539,30
540,66
541,54
542,81
543,68
544,45
545,78
546,27
547,68
548,36
549,22
550,51
551,27
552,47
553,43
554,34
555,84
556,25
557,22
558,63
559,25
560,47
561,73
562,15
563,43
564,20
565,64
566,49
567,61
568,29
569,59
570,90
571,40
572,25
573,60
574,54
575,63
576,67
577,87
578,50
579,19
580,19
581,33
582,40
583,69
584,22
585,38
586,23
587,30
588,73
589,42
590,43
591,44
592,31
593,54
594,54
595,30
596,11
597,41
598,68
599,25
600,29
601,81
602,54
603,84
604,93
605,84
606,85
607,61
608,18
609,18
610,30
611,65
612,76
613,35
614,20
615,38
616,75
617,74
618,19
619,89
620,62
621,21
622,19
623,26
624,24
625,38
626,21
627,30
628,20
629,21
630,20
631,32
632,72
633,79
634,24
635,56
636,84
637,49
638,56
639,19
640,22
641,37
642,65
643,80
644,56
645,24
646,4
647,53
648,45
649,36
650,74
651,32
652,12
653,16
654,76
655,78
656,76
657,74
658,96
659,27
660,61
661,76
662,22
663,70
664,41
665,29
666,28
667,82
668,38
669,83
670,73
671,94
672,25
673,23
674,30
675,21
676,69
677,32
678,91
679,77
680,31
681,18
682,60
683,21
684,19
685,34
686,43
687,32
688,59
689,30
690,72
691,76
692,58
693,46
694,67
695,57
696,66
697,25
698,38
699,19
700,51
701,41
702,25
703,25
704,77
705,45
706,32
707,49
708,56
709,41
710,15
711,54
712,66
713,24
714,77
715,62
716,78
717,66
718,43
719,80
720,58
721,87
722,70
723,26
724,29
725,19
726,28
727,68
728,86
729,75
730,15
731,67
732,91
733,40
734,79
735,70
736,71
737,3
738,24
739,45
740,56
741,49
742,27
743,77
744,56
745,83
746,74
747,21
748,76
749,29
750,18
751,21
752,59
753,76
754,54
755,50
756,62
757,53
758,20
759,21
760,21
761,59
762,66
763,62
764,35
765,15
766,25
767,57
768,32
769,58
770,54
771,30
772,34
773,34
774,83
775,55
776,17
777,28
778,73
779,67
780,57
781,24
782,43
783,62
784,54
785,32
786,20
787,35
788,39
789,45
790,29
791,49
792,72
793,42
794,76
795,68
796,77
797,69
798,84
799,20
800,84
801,70
802,41
803,56
804,20
805,20
806,17
807,80
808,21
809,34
810,19
811,49
812,53
813,33
814,62
815,31
816,73
817,21
818,20
819,36
820,51
821,42
822,64
823,23
824,19
825,73
826,19
827,42
828,87
829,60
830,91
831,43
832,47
833,62
834,12
835,82
836,18
837,19
838,47
839,29
840,27
841,70
842,40
843,76
844,69
845,20
846,31
847,83
848,19
849,34
850,32
851,30
852,42
853,36
854,50
855,24
856,37
857,28
858,58
859,54
860,46
861,56
862,61
863,78
864,53
865,27
866,27
867,41
868,19
869,27
870,48
871,32
872,63
873,66
874,32
875,69
876,93
877,30
878,72
879,48
880,42
881,51
882,27
883,28
884,72
885,20
886,61
887,43
888,16
889,39
890,37
891,31
892,55
893,51
894,42
895,29
896,36
897,35
898,15
899,64
900,38
901,54
902,3
903,32
904,17
905,21
906,38
907,24
908,47
909,55
910,58
911,56
912,9
913,23
914,1
915,26
916,79
917,32
918,19
919,30
920,46
921,76
922,31
923,29
924,50
925,71
926,41
927,17
928,17
929,16
930,81
931,59
932,30
933,32
934,21
935,90
936,29
937,63
938,51
939,26
940,11
941,20
942,19
943,70
944,33
945,23
946,41
947,38
948,66
949,37
950,52
951,69
952,22
953,61
954,80
955,52
956,83
957,62
958,65
959,43
960,37
961,54
962,88
963,80
964,88
965,29
966,20
967,74
968,64
969,90
970,87
971,91
972,65
973,27
974,65
975,19
976,61
977,48
978,12
979,49
980,70
981,22
982,19
983,37
984,37
985,43
986,42
987,74
988,77
989,11
990,49
991,42
992,51
993,43
994,63
995,27
996,48
997,28
998,18
999,48
1000,56
1001,64
1002,59
1003,30
1004,29
1005,67
1006,80
1007,59
1008,25
1009,31
1010,26
1011,27
1012,26
1013,55
1014,40
1015,38
1016,49
1017,41
1018,44
1019,17
1020,24
1021,29
1022,31
1023,89
1024,41
1025,20
1026,71
1027,32
1028,18
1029,18
1030,23
1031,84
1032,58
1033,65
1034,92
1035,57
1036,48
1037,2
1038,87
1039,37
1040,73
1041,16
1042,35
1043,24
1044,79
1045,20
1046,38
1047,32
1048,65
1049,55
1050,85
1051,39
1052,47
1053,75
1054,85
1055,73
1056,18
1057,23
1058,41
1059,31
1060,77
1061,84
1062,54
1063,62
1064,72
1065,21
1066,24
1067,70
1068,70
1069,27
1070,25
1071,24
1072,53
1073,62
1074,30
1075,7
1076,52
1077,37
1078,25
1079,36
1080,26
1081,19
1082,85
1083,57
1084,67
1085,61
1086,18
1087,66
1088,62
1089,24
1090,14
1091,14
1092,40
1093,30
1094,63
1095,31
1096,39
1097,85
1098,35
1099,19
1100,14
1101,15
1102,54
1103,65
1104,77
1105,65
1106,83
1107,32
1108,38
1109,25
1110,62
1111,62
1112,82
1113,58
1114,37
1115,45
1116,30
1117,24
1118,26
1119,60
1120,20
1121,39
1122,57
1123,49
1124,28
1125,69
1126,55
1127,69
1128,47
1129,34
1130,18
1131,75
1132,73
1133,70
1134,65
1135,49
1136,19
1137,20
1138,38
1139,46
1140,25
1141,51
1142,25
1143,22
1144,45
1145,32
1146,5
1147,75
1148,55
1149,65
1150,44
1151,57
1152,65
1153,72
1154,88
1155,60
1156,18
1157,36
1158,82
1159,40
1160,51
1161,21
1162,52
1163,75
1164,16
1165,19
1166,22
1167,33
1168,71
1169,26
1170,59
1171,65
1172,32
1173,37
1174,35
1175,39
1176,30
1177,58
1178,78
1179,21
1180,27
1181,62
1182,52
1183,3
1184,16
1185,90
1186,70
1187,28
1188,21
1189,45
1190,40
1191,40
1192,67
1193,26
1194,52
1195,24
1196,64
1197,25
1198,58
1199,72
1200,60
1201,77
1202,69
1203,100
1204,75
1205,59
1206,65
1207,84
1208,54
1209,86
1210,19
1211,46
1212,28
1213,32
1214,52
1215,68
1216,13
1217,40
1218,47
1219,36
1220,32
1221,19
1222,72
1223,52
1224,73
1225,49
1226,84
1227,32
1228,31
1229,81
1230,51
1231,20
1232,70
1233,67
1234,29
1235,84
1236,64
1237,33
1238,32
1239,24
1240,15
1241,36
1242,37
1243,35
1244,25
1245,67
1246,72
1247,64
1248,84
1249,24
1250,24
1251,27
1252,80
1253,21
1254,48
1255,20
1256,39
1257,57
1258,76
1259,21
1260,49
1261,53
1262,63
1263,87
1264,71
1265,43
1266,41
1267,52
1268,34
1269,41
1270,45
1271,57
1272,55
1273,27
1274,20
1275,17
1276,19
1277,44
1278,25
1279,19
1280,18
1281,15
1282,45
1283,39
1284,26
1285,58
1286,51
1287,30
1288,12
1289,25
1290,17
1291,18
1292,17
1293,80
1294,76
1295,30
1296,70
1297,73
1298,53
1299,88
1300,73
1301,60
1302,37
1303,39
1304,25
1305,50
1306,65
1307,71
1308,84
1309,41
1310,25
1311,22
1312,19
1313,18
1314,42
1315,85
1316,49
1317,61
1318,67
1319,91
1320,55
1321,51
1322,27
1323,48
1324,45
1325,30
1326,48
1327,20
1328,78
1329,63
1330,32
1331,75
1332,44
1333,71
1334,28
1335,16
1336,9
1337,10
1338,21
1339,25
1340,36
1341,60
1342,22
1343,85
1344,78
1345,86
1346,86
1347,63
1348,20
1349,23
1350,17
1351,23
1352,29
1353,66
1354,65
1355,40
1356,83
1357,19
1358,23
1359,43
1360,43
1361,43
1362,38
1363,33
1364,46
1365,49
1366,85
1367,66
1368,67
1369,38
1370,28
1371,64
1372,53
1373,27
1374,37
1375,69
1376,25
1377,76
1378,69
1379,73
1380,73
1381,64
1382,49
1383,33
1384,26
1385,34
1386,74
1387,40
1388,25
1389,78
1390,62
1391,20
1392,69
1393,17
1394,17
1395,26
1396,41
1397,35
1398,28
1399,58
1400,32
1401,70
1402,42
1403,55
1404,80
1405,77
1406,86
1407,33
1408,35
1409,32
1410,18
1411,25
1412,65
1413,38
1414,26
1415,30
1416,73
1417,35
1418,51
1419,91
1420,62
1421,30
1422,28
1423,52
1424,14
1425,57
1426,31
1427,82
1428,29
1429,47
1430,32
1431,21
1432,40
1433,27
1434,84
1435,61
1436,68
1437,43
1438,19
1439,57
1440,52
1441,69
1442,33
1443,29
1444,24
1445,39
1446,44
1447,71
1448,24
1449,76
1450,29
1451,59
1452,18
1453,36
1454,53
1455,52
1456,68
1457,22
1458,57
1459,43
1460,73
1461,41
1462,71
1463,35
1464,17
1465,5
1466,58
1467,96
1468,79
1469,17
1470,65
1471,16
1472,58
1473,18
1474,20
1475,61
1476,88
1477,17
1478,52
1479,45
1480,47
1481,18
1482,76
1483,68
1484,67
1485,34
1486,23
1487,77
1488,39
1489,87
1490,59
1491,50
1492,19
1493,18
1494,83
1495,64
1496,32
1497,43
1498,60
1499,61
1500,34
1501,60
1502,20
1503,26
1504,74
1505,27
1506,24
1507,9
1508,37
1509,46
1510,74
1511,19
1512,73
1513,26
1514,65
1515,29
1516,65
1517,20
1518,33
1519,36
1520,19
1521,43
1522,26
1523,0
1524,77
1525,31
1526,44
1527,50
1528,78
1529,26
1530,28
1531,22
1532,27
1533,15
1534,54
1535,84
1536,52
1537,24
1538,31
1539,17
1540,23
1541,74
1542,33
1543,79
1544,66
1545,24
1546,80
1547,18
1548,43
1549,16
1550,30
1551,29
1552,21
1553,26
1554,29
1555,33
1556,52
1557,22
1558,29
1559,35
1560,86
1561,73
1562,82
1563,72
1564,51
1565,44
1566,82
1567,33
1568,25
1569,24
1570,85
1571,54
1572,55
1573,54
1574,45
1575,49
1576,15
1577,68
1578,88
1579,62
1580,48
1581,34
1582,69
1583,34
1584,29
1585,73
1586,69
1587,60
1588,46
1589,54
1590,73
1591,41
1592,52
1593,76
1594,19
1595,54
1596,45
1597,49
1598,60
1599,79
1600,68
1601,31
1602,40
1603,24
1604,22
1605,63
1606,15
1607,22
1608,42
1609,21
1610,71
1611,45
1612,36
1613,42
1614,42
1615,73
1616,57
1617,17
1618,17
1619,26
1620,51
1621,39
1622,51
1623,90
1624,47
1625,43
1626,20
1627,36
1628,64
1629,47
1630,26
1631,22
1632,63
1633,17
1634,23
1635,53
1636,52
1637,18
1638,82
1639,69
1640,25
1641,36
1642,76
1643,92
1644,27
1645,28
1646,56
1647,41
1648,36
1649,84
1650,16
1651,52
1652,22
1653,54
1654,19
1655,29
1656,23
1657,82
1658,27
1659,76
1660,22
1661,67
1662,21
1663,72
1664,23
1665,57
1666,19
1667,52
1668,31
1669,30
1670,23
1671,16
1672,19
1673,45
1674,26
1675,17
1676,50
1677,35
1678,78
1679,18
1680,48
1681,27
1682,25
1683,29
1684,66
1685,22
1686,26
1687,16
1688,25
1689,58
1690,17
1691,52
1692,29
1693,63
1694,69
1695,69
1696,70
1697,73
1698,50
1699,21
1700,27
1701,25
1702,30
1703,62
1704,23
1705,22
1706,45
1707,66
1708,52
1709,32
1710,34
1711,30
1712,41
1713,19
1714,27
1715,13
1716,36
1717,11
1718,12
1719,47
1720,81
1721,40
1722,82
1723,86
1724,45
1725,58
1726,38
1727,46
1728,23
1729,25
1730,75
1731,23
1732,88
1733,57
1734,66
1735,61
1736,87
1737,20
1738,59
1739,63
1740,28
1741,33
1742,28
1743,29
1744,70
1745,45
1746,34
1747,2
1748,0
1749,37
1750,53
1751,94
1752,49
1753,77
1754,37
1755,51
1756,20
1757,51
1758,19
1759,56
1760,15
1761,50
1762,87
1763,90
1764,45
1765,33
1766,36
1767,25
1768,17
1769,14
1770,11
1771,43
1772,40
1773,91
1774,22
1775,87
1776,20
1777,85
1778,69
1779,3
1780,86
1781,81
1782,86
1783,28
1784,74
1785,61
1786,21
1787,20
1788,51
1789,25
1790,26
1791,20
1792,74
1793,19
1794,24
1795,31
1796,65
1797,50
1798,58
1799,43
1800,24
1801,55
1802,22
1803,57
1804,18
1805,68
1806,37
1807,35
1808,82
1809,39
1810,83
1811,38
1812,92
1813,84
1814,22
1815,45
1816,52
1817,48
1818,27
1819,73
1820,80
1821,48
1822,49
1823,17
1824,32
1825,53
1826,45
1827,90
1828,85
1829,51
1830,80
1831,52
1832,19
1833,33
1834,58
1835,68
1836,57
1837,31
1838,31
1839,91
1840,48
1841,89
1842,20
1843,44
1844,20
1845,32
1846,33
1847,29
1848,19
1849,84
1850,33
1851,28
1852,69
1853,65
1854,63
1855,30
1856,64
1857,29
1858,28
1859,46
1860,37
1861,39
1862,22
1863,85
1864,79
1865,59
1866,31
1867,72
1868,83
1869,76
1870,58
1871,27
1872,34
1873,24
1874,76
1875,71
1876,99
1877,68
1878,74
1879,47
1880,73
1881,28
1882,14
1883,71
1884,20
1885,34
1886,36
1887,48
1888,24
1889,66
1890,68
1891,40
1892,59
1893,31
1894,19
1895,66
1896,82
1897,65
1898,61
1899,28
1900,52
1901,73
1902,48
1903,28
1904,43
1905,25
1906,69
1907,20
1908,50
1909,18
1910,20
1911,22
1912,31
1913,51
1914,43
1915,47
1916,55
1917,57
1918,31
1919,61
1920,33
1921,68
1922,71
1923,29
1924,35
1925,50
1926,20
1927,27
1928,21
1929,18
1930,41
1931,15
1932,72
1933,19
1934,75
1935,21
1936,65
1937,48
1938,41
1939,24
1940,25
1941,45
1942,25
1943,24
1944,29
1945,63
1946,21
1947,30
1948,48
1949,64
1950,25
1951,79
1952,4
1953,83
1954,26
1955,68
1956,40
1957,38
1958,1
1959,35
1960,35
1961,58
1962,59
1963,64
1964,9
1965,78
1966,75
1967,65
1968,56
1969,53
1970,60
1971,47
1972,53
1973,48
1974,61
1975,20
1976,56
1977,70
1978,95
1979,80
1980,39
1981,63
1982,35
1983,79
1984,70
1985,70
1986,54
1987,29
1988,52
1989,19
1990,40
1991,25
1992,32
1993,19
1994,35
1995,64
1996,98
1997,80
1998,20
1999,83
2000,77
2001,28
2002,76
2003,47
2004,57
2005,24
2006,58
2007,23
2008,19
2009,24
2010,10
2011,39
2012,26
2013,17
2014,44
2015,6
2016,78
2017,96
2018,52
2019,34
2020,19
2021,24
2022,28
2023,49
2024,30
2025,19
2026,46
2027,17
2028,21
2029,27
2030,87
2031,82
2032,21
2033,38
2034,39
2035,75
2036,45
2037,48
2038,73
2039,25
2040,41
2041,69
2042,73
2043,25
2044,39
2045,68
2046,55
2047,26
2048,72
2049,22
2050,33
2051,29
2052,21
2053,59
2054,62
2055,74
2056,52
2057,77
2058,24
2059,84
2060,44
2061,30
2062,30
2063,35
2064,36
2065,57
2066,100
2067,68
2068,58
2069,63
2070,85
2071,16
2072,55
2073,23
2074,83
2075,30
2076,22
2077,27
2078,72
2079,41
2080,84
2081,20
2082,63
2083,38
2084,8
2085,17
2086,60
2087,18
2088,4
2089,41
2090,27
2091,31
2092,72
2093,85
2094,45
2095,31
2096,27
2097,27
2098,69
2099,45
2100,11
2101,59
2102,21
2103,17
2104,27
2105,23
2106,54
2107,50
2108,28
2109,65
2110,48
2111,86
2112,56
2113,63
2114,50
2115,23
2116,26
2117,51
2118,28
2119,21
2120,89
2121,22
2122,57
2123,19
2124,19
2125,31
2126,23
2127,48
2128,72
2129,76
2130,28
2131,25
2132,18
2133,15
2134,57
2135,69
2136,24
2137,56
2138,32
2139,30
2140,59
2141,62
2142,43
2143,68
2144,10
2145,64
2146,80
2147,22
2148,20
2149,71
2150,61
2151,24
2152,45
2153,22
2154,55
2155,34
2156,15
2157,14
2158,76
2159,63
2160,75
2161,25
2162,66
2163,21
2164,61
2165,54
2166,17
2167,69
2168,57
2169,51
2170,52
2171,38
2172,43
2173,82
2174,76
2175,29
2176,40
2177,12
2178,37
2179,40
2180,35
2181,19
2182,46
2183,61
2184,19
2185,63
2186,63
2187,22
2188,24
2189,57
2190,73
2191,36
2192,30
2193,65
2194,81
2195,18
2196,32
2197,32
2198,29
2199,63
2200,33
2201,69
2202,80
2203,83
2204,26
2205,21
2206,32
2207,37
2208,76
2209,18
2210,49
2211,26
2212,57
2213,48
2214,59
2215,29
2216,56
2217,85
2218,60
2219,42
2220,30
2221,19
2222,46
2223,14
2224,66
2225,21
2226,74
2227,18
2228,54
2229,21
2230,30
2231,38
2232,39
2233,17
2234,52
2235,56
2236,48
2237,22
2238,39
2239,15
2240,80
2241,64
2242,44
2243,22
2244,18
2245,28
2246,28
2247,27
2248,28
2249,71
2250,11
2251,23
2252,47
2253,79
2254,32
2255,25
2256,94
2257,13
2258,48
2259,32
2260,44
2261,27
2262,58
2263,84
2264,49
2265,41
2266,53
2267,85
2268,29
2269,33
2270,14
2271,16
2272,14
2273,15
2274,15
2275,56
2276,17
2277,27
2278,38
2279,24
2280,56
2281,53
2282,56
2283,27
2284,57
2285,46
2286,20
2287,82
2288,62
2289,67
2290,20
2291,88
2292,56
2293,30
2294,19
2295,20
2296,16
2297,37
2298,79
2299,64
2300,84
2301,42
2302,67
2303,74
2304,49
2305,41
2306,32
2307,28
2308,22
2309,61
2310,66
2311,58
2312,19
2313,19
2314,28
2315,27
2316,39
2317,32
2318,39
2319,63
2320,79
2321,70
2322,91
2323,72
2324,62
2325,85
2326,44
2327,35
2328,41
2329,30
2330,32
2331,65
2332,78
2333,64
2334,73
2335,30
2336,19
2337,31
2338,74
2339,21
2340,36
2341,22
2342,21
2343,28
2344,30
2345,62
2346,44
2347,83
2348,1
2349,46
2350,42
2351,63
2352,48
2353,20
2354,68
2355,60
2356,26
2357,59
2358,88
2359,37
2360,83
2361,43
2362,47
2363,64
2364,83
2365,17
2366,38
2367,19
2368,80
2369,18
2370,59
2371,25
2372,0
2373,62
2374,52
2375,40
2376,45
2377,49
2378,86
2379,29
2380,58
2381,45
2382,21
2383,36
2384,23
2385,19
2386,25
2387,71
2388,82
2389,22
2390,43
2391,43
2392,17
2393,18
2394,33
2395,31
2396,57
2397,35
2398,79
2399,81
2400,25
2401,15
2402,49
2403,22
2404,62
2405,53
2406,71
2407,80
2408,82
2409,66
2410,31
2411,48
2412,67
2413,45
2414,85
2415,22
2416,55
2417,29
2418,44
2419,44
2420,65
2421,75
2422,23
2423,54
2424,43
2425,22
2426,32
2427,55
2428,66
2429,48
2430,84
2431,68
2432,63
2433,74
2434,46
2435,57
2436,59
2437,54
2438,13
2439,50
2440,86
2441,68
2442,86
2443,69
2444,29
2445,22
2446,24
2447,81
2448,38
2449,24
2450,33
2451,23
2452,18
2453,64
2454,76
2455,32
2456,19
2457,29
2458,18
2459,43
2460,77
2461,70
2462,71
2463,61
2464,7
2465,50
2466,19
2467,69
2468,28
2469,20
2470,33
2471,34
2472,79
2473,31
2474,44
2475,77
2476,67
2477,76
2478,89
2479,16
2480,37
2481,3
2482,55
2483,38
2484,46
2485,62
2486,62
2487,74
2488,63
2489,15
2490,68
2491,54
2492,4
2493,85
2494,15
2495,21
2496,22
2497,16
2498,58
2499,66
2500,16
2501,64
2502,73
2503,19
2504,28
2505,49
2506,48
2507,53
2508,5
2509,51
2510,50
2511,62
2512,39
2513,42
2514,21
2515,21
2516,35
2517,34
2518,25
2519,64
2520,78
2521,16
2522,70
2523,69
2524,3
2525,39
2526,41
2527,43
2528,42
2529,38
2530,59
2531,65
2532,27
2533,36
2534,53
2535,17
2536,28
2537,17
2538,52
2539,46
2540,19
2541,30
2542,27
2543,24
2544,30
2545,22
2546,23
2547,75
2548,72
2549,77
2550,17
2551,17
2552,72
2553,74
2554,74
2555,63
2556,12
2557,28
2558,80
2559,37
2560,47
2561,36
2562,66
2563,60
2564,80
2565,54
2566,36
2567,81
2568,60
2569,20
2570,34
2571,53
2572,76
2573,84
2574,80
2575,51
2576,16
2577,61
2578,47
2579,18
2580,24
2581,26
2582,31
2583,60
2584,51
2585,89
2586,82
2587,74
2588,25
2589,55
2590,47
2591,63
2592,65
2593,84
2594,25
2595,31
2596,54
2597,19
2598,40
2599,70
2600,68
2601,34
2602,26
2603,85
2604,33
2605,31
2606,21
2607,25
2608,23
2609,17
2610,25
2611,69
2612,49
2613,41
2614,19
2615,60
2616,48
2617,71
2618,59
2619,26
2620,46
2621,51
2622,48
2623,24
2624,19
2625,57
2626,82
2627,62
2628,64
2629,41
2630,34
2631,68
2632,39
2633,23
2634,19
2635,16
2636,32
2637,31
2638,74
2639,74
2640,87
2641,85
2642,31
2643,31
2644,20
2645,61
2646,62
2647,37
2648,24
2649,15
2650,15
2651,26
2652,82
2653,79
2654,92
2655,38
2656,25
2657,22
2658,75
2659,33
2660,21
2661,79
2662,80
2663,62
2664,32
2665,27
2666,81
2667,43
2668,64
2669,26
2670,15
2671,16
2672,21
2673,26
2674,83
2675,23
2676,23
2677,24
2678,28
2679,79
2680,43
2681,64
2682,70
2683,53
2684,55
2685,65
2686,69
2687,28
2688,87
2689,36
2690,20
2691,27
2692,47
2693,47
2694,54
2695,32
2696,82
2697,91
2698,67
2699,45
2700,80
2701,21
2702,19
2703,39
2704,31
2705,44
2706,47
2707,31
2708,68
2709,19
2710,20
2711,16
2712,28
2713,31
2714,28
2715,38
2716,23
2717,40
2718,35
2719,87
2720,67
2721,25
2722,28
2723,22
2724,34
2725,67
2726,32
2727,52
2728,33
2729,33
2730,40
2731,86
2732,93
2733,25
2734,65
2735,25
2736,73
2737,43
2738,38
2739,84
2740,70
2741,64
2742,74
2743,16
2744,62
2745,22
2746,54
2747,21
2748,42
2749,22
2750,34
2751,27
2752,27
2753,79
2754,18
2755,49
2756,35
2757,18
2758,21
2759,32
2760,22
2761,43
2762,90
2763,28
2764,57
2765,53
2766,62
2767,50
2768,12
2769,14
2770,51
2771,60
2772,49
2773,29
2774,18
2775,16
2776,87
2777,62
2778,27
2779,33
2780,40
2781,42
2782,60
2783,32
2784,8
2785,51
2786,24
2787,27
2788,30
2789,32
2790,36
2791,71
2792,48
2793,47
2794,20
2795,18
2796,65
2797,46
2798,22
2799,26
2800,23
2801,34
2802,49
2803,18
2804,19
2805,37
2806,23
2807,23
2808,19
2809,44
2810,62
2811,29
2812,82
2813,66
2814,57
2815,54
2816,42
2817,76
2818,60
2819,28
2820,62
2821,79
2822,53
2823,76
2824,72
2825,28
2826,72
2827,20
2828,54
2829,22
2830,21
2831,90
2832,19
2833,53
2834,68
2835,63
2836,52
2837,42
2838,63
2839,25
2840,60
2841,80
2842,70
2843,52
2844,27
2845,76
2846,51
2847,54
2848,63
2849,80
2850,38
2851,55
2852,72
2853,50
2854,30
2855,44
2856,40
2857,72
2858,70
2859,19
2860,49
2861,61
2862,25
2863,51
2864,52
2865,17
2866,17
2867,69
2868,39
2869,73
2870,22
2871,47
2872,65
2873,68
2874,21
2875,28
2876,44
2877,27
2878,22
2879,46
2880,64
2881,17
2882,20
2883,18
2884,19
2885,14
2886,30
2887,17
2888,26
2889,43
2890,80
2891,61
2892,57
2893,62
2894,29
2895,60
2896,23
2897,45
2898,22
2899,55
2900,78
2901,79
2902,69
2903,47
2904,49
2905,46
2906,78
2907,26
2908,50
2909,15
2910,6
2911,58
2912,46
2913,52
2914,40
2915,50
2916,51
2917,46
2918,38
2919,5
2920,39
2921,21
2922,79
2923,23
2924,56
2925,80
2926,14
2927,29
2928,33
2929,37
2930,36
2931,94
2932,40
2933,43
2934,21
2935,65
2936,22
2937,20
2938,31
2939,18
2940,37
2941,16
2942,26
2943,65
2944,74
2945,25
2946,59
2947,3
2948,29
2949,64
2950,84
2951,10
2952,66
2953,70
2954,12
2955,31
2956,51
2957,44
2958,22
2959,49
2960,58
2961,33
2962,21
2963,34
2964,68
2965,61
2966,2
2967,62
2968,36
2969,21
2970,22
2971,31
2972,48
2973,65
2974,72
2975,59
2976,47
2977,53
2978,57
2979,56
2980,54
2981,36
2982,37
2983,27
2984,27
2985,17
2986,25
2987,49
2988,42
2989,40
2990,39
2991,20
2992,18
2993,56
2994,76
2995,66
2996,38
2997,89
2998,42
2999,51
3000,54
3001,52
3002,80
3003,29
3004,28
3005,19
3006,16
3007,21
3008,49
3009,25
3010,80
3011,47
3012,81
3013,71
3014,48
3015,71
3016,56
3017,34
3018,38
3019,24
3020,17
3021,31
3022,89
3023,79
3024,67
3025,50
3026,18
3027,70
3028,75
3029,57
3030,15
3031,49
3032,84
3033,62
3034,36
3035,37
3036,53
3037,24
3038,84
3039,31
3040,74
3041,24
3042,67
3043,61
3044,28
3045,20
3046,28
3047,51
3048,48
3049,75
3050,94
3051,70
3052,74
3053,21
3054,21
3055,82
3056,22
3057,24
3058,57
3059,89
3060,47
3061,52
3062,19
3063,20
3064,21
3065,18
3066,51
3067,62
3068,68
3069,28
3070,17
3071,19
3072,32
3073,31
3074,21
3075,68
3076,68
3077,51
3078,47
3079,28
3080,22
3081,32
3082,61
3083,69
3084,47
3085,62
3086,78
3087,61
3088,70
3089,77
3090,45
3091,25
3092,59
3093,2
3094,18
3095,46
3096,44
3097,28
3098,58
3099,75
3100,18
3101,52
3102,21
3103,35
3104,41
3105,21
3106,19
3107,48
3108,75
3109,33
3110,54
3111,26
3112,69
3113,26
3114,41
3115,65
3116,18
3117,61
3118,31
3119,33
3120,26
3121,54
3122,51
3123,38
3124,30
3125,39
3126,31
3127,22
3128,47
3129,25
3130,72
3131,84
3132,79
3133,77
3134,66
3135,54
3136,76
3137,47
3138,43
3139,32
3140,32
3141,30
3142,18
3143,25
3144,18
3145,45
3146,17
3147,77
3148,20
3149,64
3150,65
3151,87
3152,31
3153,94
3154,41
3155,28
3156,52
3157,80
3158,27
3159,10
3160,39
3161,64
3162,50
3163,6
3164,65
3165,59
3166,60
3167,55
3168,85
3169,68
3170,65
3171,32
3172,25
3173,25
3174,17
3175,55
3176,18
3177,23
3178,21
3179,31
3180,22
3181,23
3182,49
3183,67
3184,74
3185,57
3186,31
3187,48
3188,62
3189,47
3190,2
3191,64
3192,80
3193,59
3194,38
3195,17
3196,60
3197,80
3198,43
3199,68
3200,47
3201,50
3202,48
3203,85
3204,66
3205,42
3206,24
3207,43
3208,24
3209,30
3210,35
3211,18
3212,25
3213,46
3214,43
3215,85
3216,14
3217,39
3218,22
3219,32
3220,52
3221,54
3222,84
3223,89
3224,63
3225,42
3226,78
3227,68
3228,58
3229,85
3230,84
3231,77
3232,68
3233,90
3234,78
3235,49
3236,19
3237,80
3238,47
3239,19
3240,46
3241,19
3242,26
3243,11
3244,20
3245,24
3246,24
3247,45
3248,31
3249,36
3250,20
3251,23
3252,22
3253,38
3254,71
3255,49
3256,46
3257,19
3258,52
3259,52
3260,86
3261,27
3262,52
3263,50
3264,20
3265,61
3266,56
3267,34
3268,83
3269,37
3270,67
3271,49
3272,84
3273,76
3274,69
3275,60
3276,90
3277,32
3278,16
3279,15
3280,17
3281,16
3282,24
3283,15
3284,17
3285,64
3286,63
3287,71
3288,42
3289,4
3290,19
3291,62
3292,10
3293,32
3294,6
3295,32
3296,62
3297,70
3298,91
3299,74
3300,72
3301,34
3302,66
3303,38
3304,37
3305,39
3306,2
3307,34
3308,52
3309,41
3310,29
3311,35
3312,1
3313,8
3314,51
3315,51
3316,69
3317,75
3318,45
3319,29
3320,82
3321,35
3322,71
3323,49
3324,27
3325,77
3326,79
3327,40
3328,40
3329,24
3330,29
3331,40
3332,76
3333,70
3334,83
3335,70
3336,69
3337,17
3338,20
3339,20
3340,27
3341,70
3342,18
3343,34
3344,15
3345,45
3346,43
3347,31
3348,36
3349,46
3350,56
3351,21
3352,18
3353,18
3354,26
3355,85
3356,60
3357,40
3358,16
3359,86
3360,85
3361,85
3362,90
3363,19
3364,16
3365,59
3366,50
3367,46
3368,77
3369,50
3370,48
3371,18
3372,79
3373,68
3374,20
3375,64
3376,25
3377,63
3378,58
3379,86
3380,37
3381,80
3382,82
3383,57
3384,79
3385,77
3386,60
3387,54
3388,45
3389,24
3390,77
3391,58
3392,30
3393,31
3394,58
3395,59
3396,45
3397,33
3398,22
3399,15
3400,58
3401,18
3402,17
3403,19
3404,20
3405,63
3406,29
3407,82
3408,73
3409,25
3410,36
3411,59
3412,19
3413,17
3414,68
3415,22
3416,18
3417,31
3418,35
3419,40
3420,37
3421,53
3422,34
3423,51
3424,73
3425,78
3426,39
3427,67
3428,33
3429,27
3430,28
3431,52
3432,17
3433,28
3434,24
3435,18
3436,18
3437,19
3438,27
3439,30
3440,60
3441,55
3442,46
3443,46
3444,34
3445,52
3446,26
3447,36
3448,35
3449,7
3450,5
3451,27
3452,63
3453,29
3454,12
3455,55
3456,40
3457,49
3458,9
3459,45
3460,33
3461,27
3462,51
3463,57
3464,19
3465,44
3466,79
3467,84
3468,31
3469,55
3470,17
3471,52
3472,39
3473,23
3474,56
3475,66
3476,86
3477,64
3478,87
3479,59
3480,78
3481,61
3482,40
3483,33
3484,53
3485,21
3486,26
3487,56
3488,29
3489,36
3490,89
3491,30
3492,88
3493,84
3494,75
3495,23
3496,45
3497,86
3498,36
3499,18
3500,53
3501,66
3502,31
3503,68
3504,40
3505,37
3506,50
3507,27
3508,50
3509,84
3510,19
3511,83
3512,67
3513,29
3514,70
3515,81
3516,24
3517,45
3518,27
3519,35
3520,51
3521,68
3522,71
3523,18
3524,63
3525,57
3526,51
3527,30
3528,25
3529,19
3530,47
3531,64
3532,17
3533,27
3534,52
3535,66
3536,50
3537,83
3538,19
3539,60
3540,30
3541,25
3542,32
3543,84
3544,79
3545,17
3546,1
3547,66
3548,78
3549,32
3550,43
3551,61
3552,27
3553,32
3554,44
3555,23
3556,26
3557,45
3558,13
3559,25
3560,22
3561,48
3562,20
3563,80
3564,14
3565,90
3566,88
3567,54
3568,75
3569,69
3570,77
3571,25
3572,72
3573,67
3574,26
3575,45
3576,69
3577,48
3578,16
3579,48
3580,70
3581,27
3582,55
3583,39
3584,21
3585,29
3586,70
3587,60
3588,55
3589,30
3590,16
3591,39
3592,28
3593,29
3594,67
3595,26
3596,46
3597,50
3598,52
3599,90
3600,48
3601,52
3602,24
3603,85
3604,54
3605,23
3606,57
3607,27
3608,46
3609,37
3610,78
3611,71
3612,48
3613,57
3614,43
3615,67
3616,58
3617,69
3618,26
3619,14
3620,18
3621,29
3622,12
3623,44
3624,16
3625,36
3626,25
3627,45
3628,24
3629,10
3630,18
3631,39
3632,20
3633,28
3634,17
3635,21
3636,32
3637,36
3638,64
3639,90
3640,71
3641,71
3642,40
3643,55
3644,88
3645,20
3646,17
3647,25
3648,18
3649,20
3650,56
3651,66
3652,53
3653,88
3654,51
3655,33
3656,69
3657,57
3658,24
3659,65
3660,37
3661,61
3662,52
3663,38
3664,61
3665,65
3666,62
3667,91
3668,31
3669,30
3670,30
3671,25
3672,41
3673,46
3674,23
3675,45
3676,36
3677,77
3678,23
3679,31
3680,39
3681,19
3682,24
3683,47
3684,5
3685,43
3686,21
3687,24
3688,56
3689,22
3690,31
3691,84
3692,57
3693,29
3694,28
3695,58
3696,41
3697,85
3698,16
3699,16
3700,19
3701,37
3702,62
3703,46
3704,30
3705,62
3706,87
3707,23
3708,47
3709,18
3710,18
3711,64
3712,54
3713,55
3714,21
3715,23
3716,66
3717,93
3718,38
3719,62
3720,62
3721,65
3722,86
3723,85
3724,87
3725,76
3726,51
3727,53
3728,23
3729,55
3730,39
3731,32
3732,21
3733,23
3734,83
3735,21
3736,86
3737,31
3738,52
3739,15
3740,31
3741,19
3742,29
3743,21
3744,28
3745,44
3746,35
3747,62
3748,54
3749,74
3750,78
3751,52
3752,18
3753,24
3754,28
3755,74
3756,47
3757,24
3758,19
3759,50
3760,38
3761,51
3762,71
3763,66
3764,28
3765,66
3766,0
3767,42
3768,20
3769,29
3770,24
3771,55
3772,20
3773,23
3774,26
3775,50
3776,65
3777,57
3778,53
3779,45
3780,81
3781,66
3782,61
3783,57
3784,23
3785,67
3786,37
3787,39
3788,14
3789,53
3790,35
3791,28
3792,23
3793,36
3794,81
3795,68
3796,53
3797,32
3798,32
3799,53
3800,75
3801,22
3802,20
3803,58
3804,52
3805,32
3806,63
3807,60
3808,23
3809,18
3810,84
3811,81
3812,74
3813,75
3814,23
3815,27
3816,56
3817,77
3818,85
3819,73
3820,63
3821,29
3822,54
3823,70
3824,61
3825,51
3826,46
3827,45
3828,16
3829,25
3830,82
3831,76
3832,80
3833,40
3834,52
3835,68
3836,38
3837,81
3838,77
3839,40
3840,65
3841,28
3842,24
3843,5
3844,35
3845,30
3846,35
3847,32
3848,66
3849,70
3850,63
3851,2
3852,53
3853,23
3854,26
3855,22
3856,34
3857,34
3858,24
3859,80
3860,75
3861,49
3862,55
3863,74
3864,50
3865,29
3866,28
3867,48
3868,41
3869,12
3870,63
3871,44
3872,67
3873,23
3874,29
3875,16
3876,17
3877,26
3878,18
3879,28
3880,33
3881,19
3882,27
3883,16
3884,19
3885,59
3886,47
3887,47
3888,55
3889,28
3890,42
3891,57
3892,33
3893,26
3894,42
3895,26
3896,67
3897,58
3898,46
3899,72
3900,34
3901,62
3902,73
3903,59
3904,72
3905,85
3906,48
3907,78
3908,42
3909,44
3910,49
3911,8
3912,25
3913,83
3914,90
3915,13
3916,50
3917,27
3918,21
3919,60
3920,40
3921,60
3922,26
3923,48
3924,30
3925,41
3926,40
3927,24
3928,9
3929,68
3930,61
3931,19
3932,59
3933,19
3934,31
3935,21
3936,27
3937,22
3938,60
3939,59
3940,22
3941,33
3942,18
3943,37
3944,74
3945,28
3946,49
3947,75
3948,49
3949,16
3950,36
3951,32
3952,38
3953,30
3954,73
3955,33
3956,58
3957,61
3958,49
3959,42
3960,34
3961,32
3962,20
3963,54
3964,57
3965,29
3966,66
3967,57
3968,62
3969,29
3970,37
3971,25
3972,20
3973,43
3974,39
3975,34
3976,61
3977,29
3978,40
3979,26
3980,18
3981,69
3982,21
3983,68
3984,17
3985,24
3986,61
3987,52
3988,46
3989,23
3990,37
3991,34
3992,62
3993,44
3994,30
3995,19
3996,16
3997,61
3998,82
3999,68
4000,51
4001,17
4002,72
4003,40
4004,37
4005,25
4006,34
4007,39
4008,53
4009,29
4010,19
4011,32
4012,57
4013,6
4014,7
4015,0
4016,37
4017,31
4018,17
4019,23
4020,31
4021,23
4022,47
4023,67
4024,89
4025,46
4026,83
4027,35
4028,4
4029,28
4030,28
4031,70
4032,75
4033,65
4034,76
4035,61
4036,66
4037,26
4038,53
4039,25
4040,14
4041,51
4042,28
4043,47
4044,17
4045,36
4046,17
4047,44
4048,34
4049,73
4050,79
4051,35
4052,57
4053,86
4054,61
4055,81
4056,10
4057,19
4058,61
4059,17
4060,56
4061,58
4062,19
4063,62
4064,36
4065,64
4066,21
4067,26
4068,3
4069,36
4070,30
4071,39
4072,18
4073,73
4074,32
4075,70
4076,59
4077,26
4078,29
4079,20
4080,16
4081,43
4082,53
4083,83
4084,26
4085,18
4086,21
4087,35
4088,24
4089,19
4090,18
4091,18
4092,75
4093,75
4094,62
4095,56
4096,79
4097,82
4098,34
4099,89
4100,81
4101,65
4102,56
4103,24
4104,48
4105,19
4106,10
4107,24
4108,62
4109,81
4110,78
4111,62
4112,54
4113,70
4114,28
4115,48
4116,34
4117,27
4118,21
4119,15
4120,33
4121,88
4122,58
4123,51
4124,34
4125,28
4126,28
4127,46
4128,44
4129,23
4130,29
4131,55
4132,19
4133,27
4134,20
4135,53
4136,28
4137,37
4138,32
4139,33
4140,44
4141,23
4142,72
4143,18
4144,27
4145,55
4146,80
4147,77
4148,69
4149,53
4150,29
4151,48
4152,28
4153,44
4154,80
4155,17
4156,17
4157,75
4158,28
4159,23
4160,19
4161,30
4162,37
4163,17
4164,15
4165,26
4166,39
4167,51
4168,42
4169,17
4170,26
4171,71
4172,40
4173,60
4174,13
4175,4
4176,31
4177,36
4178,53
4179,2
4180,57
4181,75
4182,40
4183,54
4184,19
4185,19
4186,61
4187,37
4188,47
4189,80
4190,35
4191,42
4192,84
4193,23
4194,40
4195,20
4196,25
4197,16
4198,52
4199,44
4200,62
4201,87
4202,50
4203,18
4204,52
4205,32
4206,58
4207,68
4208,75
4209,64
4210,29
4211,20
4212,57
4213,39
4214,61
4215,94
4216,25
4217,59
4218,40
4219,18
4220,45
4221,43
4222,56
4223,29
4224,48
4225,15
4226,71
4227,25
4228,52
4229,33
4230,8
4231,39
4232,37
4233,29
4234,37
4235,40
4236,30
4237,39
4238,23
4239,72
4240,69
4241,19
4242,19
4243,28
4244,16
4245,25
4246,39
4247,25
4248,52
4249,25
4250,19
4251,47
4252,40
4253,24
4254,31
4255,17
4256,27
4257,52
4258,37
4259,59
4260,36
4261,52
4262,38
4263,29
4264,36
4265,48
4266,32
4267,41
4268,60
4269,73
4270,32
4271,62
4272,34
4273,59
4274,39
4275,90
4276,53
4277,48
4278,1
4279,22
4280,52
4281,32
4282,75
4283,73
4284,35
4285,38
4286,56
4287,25
4288,23
4289,47
4290,25
4291,22
4292,59
4293,35
4294,35
4295,92
4296,18
4297,54
4298,59
4299,43
4300,17
4301,80
4302,50
4303,21
4304,18
4305,28
4306,63
4307,65
4308,59
4309,79
4310,59
4311,64
4312,27
4313,31
4314,25
4315,41
4316,78
4317,83
4318,21
4319,29
4320,68
4321,69
4322,29
4323,66
4324,31
4325,25
4326,60
4327,58
4328,16
4329,53
4330,58
4331,52
4332,75
4333,84
4334,83
4335,76
4336,55
4337,31
4338,50
4339,32
4340,17
4341,22
4342,26
4343,70
4344,21
4345,52
4346,72
4347,72
4348,4
4349,30
4350,67
4351,64
4352,28
4353,21
4354,22
4355,50
4356,57
4357,21
4358,27
4359,27
4360,25
4361,62
4362,18
4363,20
4364,52
4365,30
4366,70
4367,56
4368,72
4369,33
4370,33
4371,53
4372,23
4373,28
4374,43
4375,21
4376,23
4377,22
4378,38
4379,36
4380,45
4381,57
4382,31
4383,45
4384,40
4385,45
4386,97
4387,71
4388,84
4389,20
4390,43
4391,37
4392,45
4393,46
4394,31
4395,39
4396,38
4397,1
4398,31
4399,61
4400,26
4401,24
4402,51
4403,42
4404,84
4405,32
4406,14
4407,85
4408,70
4409,84
4410,24
4411,51
4412,27
4413,31
4414,41
4415,33
4416,60
4417,43
4418,26
4419,17
4420,48
4421,20
4422,19
4423,39
4424,65
4425,54
4426,57
4427,51
4428,50
4429,49
4430,1
4431,50
4432,48
4433,83
4434,81
4435,82
4436,28
4437,84
4438,18
4439,52
4440,51
4441,52
4442,35
4443,39
4444,28
4445,18
4446,1
4447,49
4448,55
4449,71
4450,51
4451,28
4452,32
4453,58
4454,75
4455,78
4456,7
4457,21
4458,17
4459,21
4460,61
4461,20
4462,27
4463,35
4464,42
4465,2
4466,50
4467,26
4468,75
4469,77
4470,21
4471,40
4472,34
4473,31
4474,69
4475,72
4476,58
4477,23
4478,17
4479,27
4480,49
4481,50
4482,9
4483,48
4484,35
4485,32
4486,78
4487,87
4488,80
4489,77
4490,29
4491,32
4492,27
4493,45
4494,51
4495,60
4496,73
4497,74
4498,8
4499,40
4500,18
4501,35
4502,31
4503,81
4504,48
4505,27
4506,36
4507,27
4508,38
4509,22
4510,18
4511,21
4512,35
4513,38
4514,71
4515,54
4516,90
4517,79
4518,63
4519,28
4520,63
4521,24
4522,33
4523,40
4524,62
4525,22
4526,20
4527,20
4528,21
4529,66
4530,21
4531,14
4532,25
4533,76
4534,72
4535,87
4536,30
4537,17
4538,33
4539,29
4540,41
4541,88
4542,59
4543,21
4544,42
4545,38
4546,63
4547,16
4548,26
4549,33
4550,52
4551,30
4552,49
4553,83
4554,36
4555,66
4556,58
4557,36
4558,47
4559,30
4560,42
4561,28
4562,60
4563,17
4564,69
4565,41
4566,59
4567,31
4568,21
4569,32
4570,44
4571,8
4572,18
4573,21
4574,2
4575,19
4576,72
4577,66
4578,24
4579,14
4580,47
4581,33
4582,18
4583,17
4584,17
4585,21
4586,27
4587,92
4588,51
4589,37
4590,27
4591,28
4592,84
4593,68
4594,34
4595,45
4596,25
4597,19
4598,29
4599,23
4600,93
4601,79
4602,52
4603,101
4604,10
4605,7
4606,17
4607,16
4608,35
4609,34
4610,24
4611,77
4612,64
4613,55
4614,56
4615,87
4616,45
4617,19
4618,0
4619,81
4620,81
4621,26
4622,28
4623,18
4624,21
4625,24
4626,17
4627,14
4628,14
4629,13
4630,8
4631,30
4632,25
4633,31
4634,60
4635,54
4636,37
4637,34
4638,80
4639,36
4640,32
4641,28
4642,62
4643,23
4644,18
4645,77
4646,46
4647,50
4648,30
4649,74
4650,19
4651,70
4652,72
4653,29
4654,44
4655,73
4656,29
4657,59
4658,91
4659,65
4660,80
4661,80
4662,13
4663,77
4664,23
4665,54
4666,29
4667,21
4668,39
4669,0
4670,21
4671,19
4672,17
4673,27
4674,27
4675,36
4676,42
4677,42
4678,76
4679,74
4680,58
4681,44
4682,33
4683,62
4684,36
4685,40
4686,31
4687,30
4688,87
4689,24
4690,26
4691,28
4692,29
4693,10
4694,28
4695,31
4696,61
4697,45
4698,60
4699,25
4700,27
4701,56
4702,26
4703,78
4704,47
4705,37
4706,60
4707,28
4708,29
4709,17
4710,58
4711,82
4712,89
4713,64
4714,23
4715,23
4716,46
4717,31
4718,60
4719,22
4720,40
4721,16
4722,35
4723,40
4724,36
4725,22
4726,34
4727,24
4728,21
4729,54
4730,35
4731,31
4732,35
4733,43
4734,78
4735,48
4736,36
4737,43
4738,35
4739,45
4740,47
4741,22
4742,88
4743,62
4744,42
4745,31
4746,26
4747,49
4748,40
4749,56
4750,38
4751,84
4752,75
4753,17
4754,34
4755,25
4756,35
4757,28
4758,65
4759,42
4760,90
4761,61
4762,30
4763,43
4764,35
4765,28
4766,18
4767,51
4768,53
4769,55
4770,35
4771,19
4772,62
4773,58
4774,49
4775,35
4776,40
4777,23
4778,58
4779,62
4780,27
4781,72
4782,22
4783,19
4784,23
4785,33
4786,28
4787,43
4788,23
4789,27
4790,80
4791,30
4792,55
4793,85
4794,69
4795,57
4796,72
4797,50
4798,88
4799,63
4800,47
4801,62
4802,33
4803,45
4804,38
4805,27
4806,47
4807,79
4808,53
4809,42
4810,43
4811,86
4812,83
4813,28
4814,48
4815,72
4816,81
4817,58
4818,48
4819,42
4820,35
4821,29
4822,24
4823,76
4824,60
4825,70
4826,79
4827,75
4828,70
4829,46
4830,34
4831,43
4832,54
4833,46
4834,31
4835,61
4836,60
4837,32
4838,71
4839,79
4840,44
4841,71
4842,36
4843,93
4844,24
4845,39
4846,27
4847,21
4848,18
4849,17
4850,53
4851,18
4852,17
4853,70
4854,65
4855,92
4856,77
4857,1
4858,79
4859,57
4860,23
4861,20
4862,25
4863,46
4864,18
4865,20
4866,20
4867,19
4868,31
4869,18
4870,23
4871,15
4872,49
4873,64
4874,81
4875,76
4876,24
4877,75
4878,75
4879,20
4880,79
4881,20
4882,34
4883,27
4884,55
4885,54
4886,22
4887,29
4888,49
4889,30
4890,1
4891,44
4892,49
4893,19
4894,22
4895,48
4896,21
4897,24
4898,26
4899,61
4900,57
4901,87
4902,18
4903,84
4904,74
4905,66
4906,40
4907,47
4908,54
4909,32
4910,94
4911,19
4912,68
4913,68
4914,74
4915,22
4916,56
4917,14
4918,26
4919,0
4920,42
4921,19
4922,29
4923,39
4924,40
4925,49
4926,95
4927,79
4928,81
4929,13
4930,64
4931,20
4932,65
4933,34
4934,36
4935,20
4936,43
4937,40
4938,47
4939,18
4940,73
4941,39
4942,83
4943,55
4944,46
4945,26
4946,32
4947,26
4948,29
4949,50
4950,44
4951,21
4952,23
4953,66
4954,61
4955,58
4956,54
4957,53
4958,64
4959,13
4960,11
4961,8
4962,12
4963,34
4964,18
4965,47
4966,23
4967,20
4968,19
4969,24
4970,55
4971,36
4972,85
4973,49
4974,61
4975,59
4976,49
4977,27
4978,53
4979,29
4980,57
4981,79
4982,90
4983,32
4984,33
4985,54
4986,55
4987,47
4988,56
4989,23
4990,30
4991,79
4992,57
4993,59
4994,44
4995,83
4996,43
4997,78
4998,53
4999,79
5000,16
5001,29
5002,36
5003,21
5004,85
5005,63
5006,65
5007,36
5008,67
5009,18
5010,82
5011,33
5012,26
5013,33
5014,49
5015,77
5016,63
5017,43
5018,32
5019,84
5020,39
5021,86
5022,38
5023,56
5024,27
5025,27
5026,54
5027,41
5028,54
5029,17
5030,17
5031,53
5032,65
5033,75
5034,38
5035,28
5036,22
5037,59
5038,34
5039,51
5040,40
5041,17
5042,28
5043,28
5044,33
5045,19
5046,89
5047,31
5048,27
5049,34
5050,95
5051,64
5052,67
5053,16
5054,19
5055,49
5056,61
5057,30
5058,37
5059,41
5060,79
5061,39
5062,33
5063,62
5064,80
5065,53
5066,68
5067,36
5068,36
5069,26
5070,70
5071,18
5072,48
5073,33
5074,28
5075,21
5076,30
5077,32
5078,48
5079,39
5080,23
5081,46
5082,28
5083,58
5084,52
5085,37
5086,25
5087,26
5088,35
5089,21
5090,51
5091,80
5092,39
5093,78
5094,77
5095,24
5096,28
5097,31
5098,53
5099,75
5100,90
5101,28
5102,46
5103,28
5104,29
5105,69
5106,67
5107,37
5108,24
5109,76
5110,40
5111,58
5112,54
5113,38
5114,18
5115,22
5116,33
5117,26
5118,27
5119,20
5120,54
5121,18
5122,74
5123,62
5124,22
5125,23
5126,30
5127,29
5128,28
5129,37
5130,81
5131,87
5132,62
5133,71
5134,29
5135,45
5136,34
5137,36
5138,20
5139,47
5140,16
5141,41
5142,22
5143,76
5144,58
5145,19
5146,37
5147,5
5148,35
5149,65
5150,22
5151,60
5152,47
5153,39
5154,41
5155,36
5156,22
5157,24
5158,49
5159,40
5160,24
5161,59
5162,50
5163,23
5164,77
5165,66
5166,24
5167,51
5168,26
5169,17
5170,28
5171,46
5172,31
5173,31
5174,49
5175,9
5176,56
5177,95
5178,38
5179,55
5180,25
5181,23
5182,24
5183,26
5184,17
5185,18
5186,24
5187,62
5188,35
5189,41
5190,18
5191,62
5192,57
5193,75
5194,57
5195,64
5196,35
5197,36
5198,35
5199,32
5200,27
5201,23
5202,37
5203,41
5204,56
5205,71
5206,86
5207,63
5208,74
5209,72
5210,71
5211,44
5212,20
5213,28
5214,38
5215,79
5216,18
5217,26
5218,31
5219,77
5220,24
5221,78
5222,23
5223,59
5224,33
5225,29
5226,41
5227,44
5228,21
5229,56
5230,30
5231,16
5232,22
5233,72
5234,90
5235,34
5236,12
5237,20
5238,21
5239,32
5240,62
5241,55
5242,20
5243,66
5244,56
5245,73
5246,18
5247,21
5248,72
5249,82
5250,18
5251,80
5252,76
5253,88
5254,60
5255,33
5256,54
5257,20
5258,53
5259,18
5260,65
5261,33
5262,24
5263,72
5264,63
5265,35
5266,62
5267,8
5268,51
5269,41
5270,47
5271,10
5272,39
5273,54
5274,85
5275,69
5276,28
5277,21
5278,35
5279,80
5280,97
5281,63
5282,22
5283,29
5284,24
5285,51
5286,27
5287,78
5288,76
5289,59
5290,37
5291,67
5292,56
5293,32
5294,18
5295,16
5296,19
5297,57
5298,54
5299,65
5300,59
5301,64
5302,23
5303,32
5304,25
5305,29
5306,21
5307,20
5308,36
5309,59
5310,49
5311,2
5312,63
5313,80
5314,61
5315,79
5316,78
5317,60
5318,62
5319,31
5320,59
5321,35
5322,15
5323,52
5324,27
5325,38
5326,30
5327,46
5328,38
5329,48
5330,68
5331,25
5332,61
5333,55
5334,67
5335,36
5336,42
5337,16
5338,19
5339,31
5340,27
5341,18
5342,29
5343,40
5344,24
5345,42
5346,29
5347,36
5348,17
5349,80
5350,25
5351,47
5352,21
5353,68
5354,69
5355,86
5356,49
5357,64
5358,28
5359,36
5360,65
5361,69
5362,26
5363,32
5364,36
5365,64
5366,55
5367,69
5368,35
5369,28
5370,42
5371,35
5372,35
5373,5
5374,47
5375,81
5376,45
5377,25
5378,20
5379,21
5380,51
5381,51
5382,72
5383,22
5384,28
5385,20
5386,41
5387,45
5388,12
5389,19
5390,51
5391,57
5392,19
5393,69
5394,23
5395,39
5396,23
5397,72
5398,52
5399,25
5400,34
5401,85
5402,65
5403,31
5404,39
5405,43
5406,34
5407,38
5408,42
5409,53
5410,43
5411,62
5412,23
5413,23
5414,32
5415,79
5416,46
5417,60
5418,47
5419,30
5420,68
5421,18
5422,17
5423,22
5424,33
5425,55
5426,79
5427,80
5428,22
5429,18
5430,23
5431,24
5432,17
5433,19
5434,24
5435,51
5436,19
5437,21
5438,19
5439,19
5440,24
5441,55
5442,72
5443,70
5444,17
5445,29
5446,39
5447,43
5448,31
5449,62
5450,76
5451,68
5452,74
5453,83
5454,23
5455,63
5456,53
5457,62
5458,62
5459,74
5460,41
5461,70
5462,19
5463,36
5464,30
5465,78
5466,72
5467,61
5468,85
5469,65
5470,42
5471,57
5472,35
5473,19
5474,68
5475,35
5476,18
5477,63
5478,43
5479,76
5480,74
5481,71
5482,47
5483,85
5484,21
5485,26
5486,45
5487,32
5488,88
5489,25
5490,24
5491,47
5492,61
5493,55
5494,66
5495,88
5496,69
5497,78
5498,71
5499,93
5500,52
5501,59
5502,20
5503,61
5504,25
5505,24
5506,24
5507,52
5508,42
5509,82
5510,64
5511,34
5512,60
5513,27
5514,26
5515,47
5516,12
5517,44
5518,52
5519,76
5520,34
5521,81
5522,83
5523,20
5524,47
5525,20
5526,68
5527,73
5528,16
5529,18
5530,81
5531,35
5532,58
5533,47
5534,34
5535,22
5536,23
5537,34
5538,84
5539,81
5540,31
5541,51
5542,64
5543,26
5544,53
5545,89
5546,77
5547,45
5548,18
5549,23
5550,20
5551,5
5552,27
5553,68
5554,17
5555,9
5556,30
5557,43
5558,18
5559,58
5560,37
5561,37
5562,17
5563,33
5564,90
5565,23
5566,41
5567,50
5568,41
5569,22
5570,38
5571,36
5572,52
5573,26
5574,33
5575,75
5576,67
5577,75
5578,88
5579,33
5580,18
5581,34
5582,28
5583,26
5584,60
5585,90
5586,46
5587,29
5588,16
5589,19
5590,24
5591,87
5592,14
5593,28
5594,78
5595,92
5596,49
5597,51
5598,56
5599,34
5600,28
5601,53
5602,27
5603,56
5604,1
5605,31
5606,26
5607,25
5608,40
5609,81
5610,72
5611,18
5612,25
5613,19
5614,22
5615,21
5616,43
5617,34
5618,79
5619,25
5620,46
5621,72
5622,30
5623,22
5624,6
5625,60
5626,72
5627,64
5628,58
5629,46
5630,84
5631,50
5632,42
5633,22
5634,80
5635,61
5636,63
5637,27
5638,48
5639,22
5640,43
5641,52
5642,51
5643,95
5644,29
5645,51
5646,37
5647,52
5648,49
5649,86
5650,86
5651,33
5652,48
5653,51
5654,69
5655,27
5656,90
5657,65
5658,87
5659,18
5660,70
5661,54
5662,74
5663,34
5664,85
5665,90
5666,74
5667,62
5668,28
5669,52
5670,44
5671,89
5672,22
5673,70
5674,62
5675,39
5676,93
5677,48
5678,35
5679,23
5680,44
5681,20
5682,17
5683,99
5684,79
5685,56
5686,4
5687,83
5688,68
5689,25
5690,22
5691,62
5692,37
5693,76
5694,15
5695,39
5696,20
5697,22
5698,25
5699,31
5700,19
5701,22
5702,62
5703,60
5704,63
5705,62
5706,59
5707,21
5708,71
5709,34
5710,25
5711,29
5712,46
5713,20
5714,86
5715,16
5716,52
5717,95
5718,57
5719,30
5720,37
5721,88
5722,75
5723,23
5724,35
5725,24
5726,24
5727,56
5728,76
5729,37
5730,34
5731,42
5732,58
5733,47
5734,47
5735,44
5736,45
5737,62
5738,30
5739,65
5740,28
5741,49
5742,22
5743,69
5744,41
5745,78
5746,47
5747,31
5748,73
5749,73
5750,56
5751,20
5752,41
5753,30
5754,28
5755,57
5756,50
5757,59
5758,77
5759,64
5760,32
5761,86
5762,85
5763,27
5764,79
5765,75
5766,63
5767,74
5768,30
5769,45
5770,21
5771,46
5772,18
5773,22
5774,32
5775,27
5776,18
5777,41
5778,15
5779,17
5780,49
5781,63
5782,40
5783,49
5784,58
5785,88
5786,31
5787,20
5788,73
5789,26
5790,58
5791,32
5792,23
5793,19
5794,64
5795,23
5796,82
5797,59
5798,25
5799,19
5800,23
5801,68
5802,43
5803,21
5804,28
5805,20
5806,56
5807,36
5808,47
5809,90
5810,83
5811,25
5812,43
5813,81
5814,18
5815,69
5816,74
5817,46
5818,75
5819,26
5820,75
5821,23
5822,24
5823,78
5824,80
5825,66
5826,20
5827,66
5828,62
5829,30
5830,42
5831,42
5832,63
5833,62
5834,41
5835,14
5836,20
5837,91
5838,29
5839,86
5840,78
5841,21
5842,7
5843,31
5844,35
5845,17
5846,28
5847,19
5848,26
5849,50
5850,55
5851,66
5852,82
5853,27
5854,86
5855,92
5856,26
5857,90
5858,46
5859,80
5860,20
5861,36
5862,29
5863,72
5864,26
5865,47
5866,38
5867,43
5868,27
5869,25
5870,89
5871,86
5872,53
5873,78
5874,62
5875,51
5876,24
5877,18
5878,56
5879,23
5880,47
5881,27
5882,0
5883,92
5884,58
5885,36
5886,25
5887,31
5888,29
5889,35
5890,23
5891,63
5892,21
5893,48
5894,19
5895,91
5896,75
5897,23
5898,57
5899,20
5900,40
5901,70
5902,5
5903,19
5904,50
5905,76
5906,72
5907,54
5908,39
5909,30
5910,89
5911,31
5912,18
5913,43
5914,90
5915,21
5916,45
5917,80
5918,78
5919,75
5920,46
5921,48
5922,67
5923,81
5924,56
5925,38
5926,21
5927,37
5928,36
5929,23
5930,69
5931,20
5932,77
5933,56
5934,56
5935,53
5936,26
5937,21
5938,26
5939,24
5940,15
5941,39
5942,43
5943,47
5944,70
5945,27
5946,57
5947,59
5948,71
5949,81
5950,63
5951,48
5952,47
5953,84
5954,56
5955,50
5956,53
5957,55
5958,72
5959,86
5960,49
5961,31
5962,4
5963,6
5964,35
5965,65
5966,18
5967,19
5968,19
5969,18
5970,37
5971,47
5972,44
5973,38
5974,70
5975,25
5976,75
5977,47
5978,43
5979,36
5980,31
5981,86
5982,67
5983,79
5984,12
5985,30
5986,29
5987,30
5988,71
5989,61
5990,53
5991,62
5992,9
5993,49
5994,78
5995,51
5996,55
5997,68
5998,64
5999,59
6000,24
6001,59
6002,48
6003,33
6004,20
6005,36
6006,53
6007,50
6008,22
6009,18
6010,90
6011,47
6012,57
6013,89
6014,21
6015,46
6016,21
6017,78
6018,41
6019,52
6020,33
6021,64
6022,63
6023,30
6024,77
6025,73
6026,49
6027,60
6028,32
6029,16
6030,73
6031,35
6032,42
6033,45
6034,62
6035,66
6036,50
6037,25
6038,28
6039,56
6040,47
6041,57
6042,40
6043,56
6044,17
6045,60
6046,48
6047,86
6048,80
6049,66
6050,60
6051,47
6052,31
6053,39
6054,43
6055,25
6056,69
6057,88
6058,49
6059,57
6060,85
6061,35
6062,86
6063,62
6064,61
6065,24
6066,0
6067,45
6068,19
6069,24
6070,31
6071,40
6072,81
6073,49
6074,41
6075,89
6076,24
6077,18
6078,74
6079,60
6080,69
6081,28
6082,23
6083,75
6084,10
6085,57
6086,6
6087,17
6088,64
6089,70
6090,47
6091,25
6092,26
6093,24
6094,47
6095,46
6096,44
6097,44
6098,81
6099,80
6100,80
6101,61
6102,84
6103,55
6104,35
6105,68
6106,51
6107,70
6108,15
6109,28
6110,27
6111,49
6112,30
6113,27
6114,32
6115,87
6116,58
6117,81
6118,86
6119,74
6120,76
6121,83
6122,34
6123,63
6124,19
6125,39
6126,23
6127,51
6128,61
6129,24
6130,67
6131,87
6132,86
6133,49
6134,62
6135,27
6136,34
6137,32
6138,84
6139,25
6140,45
6141,26
6142,36
6143,82
6144,25
6145,44
6146,41
6147,41
6148,47
6149,20
6150,44
6151,55
6152,44
6153,20
6154,46
6155,64
6156,39
6157,69
6158,28
6159,40
6160,61
6161,77
6162,49
6163,40
6164,75
6165,18
6166,28
6167,32
6168,21
6169,19
6170,18
6171,23
6172,38
6173,43
6174,34
6175,86
6176,83
6177,94
6178,18
6179,3
6180,63
6181,59
6182,56
6183,12
6184,26
6185,23
6186,24
6187,59
6188,23
6189,24
6190,52
6191,90
6192,65
6193,74
6194,71
6195,19
6196,55
6197,84
6198,1
6199,41
6200,34
6201,22
6202,20
6203,43
6204,59
6205,33
6206,29
6207,20
6208,46
6209,60
6210,93
6211,19
6212,26
6213,72
6214,38
6215,55
6216,29
6217,30
6218,57
6219,52
6220,38
6221,38
6222,29
6223,51
6224,24
6225,30
6226,45
6227,77
6228,82
6229,24
6230,32
6231,28
6232,27
6233,45
6234,28
6235,52
6236,62
6237,11
6238,52
6239,34
6240,72
6241,79
6242,54
6243,80
6244,78
6245,82
6246,32
6247,63
6248,41
6249,47
6250,16
6251,44
6252,42
6253,17
6254,34
6255,24
6256,24
6257,20
6258,40
6259,67
6260,1
6261,89
6262,30
6263,67
6264,61
6265,47
6266,22
6267,28
6268,29
6269,38
6270,21
6271,20
6272,49
6273,45
6274,19
6275,30
6276,33
6277,52
6278,76
6279,75
6280,51
6281,21
6282,43
6283,32
6284,21
6285,32
6286,19
6287,41
6288,66
6289,21
6290,69
6291,28
6292,52
6293,29
6294,27
6295,27
6296,22
6297,20
6298,16
6299,18
6300,56
6301,29
6302,46
6303,69
6304,17
6305,51
6306,66
6307,54
6308,66
6309,3
6310,19
6311,45
6312,69
6313,25
6314,49
6315,18
6316,90
6317,76
6318,85
6319,62
6320,18
6321,18
6322,53
6323,7
6324,62
6325,29
6326,52
6327,29
6328,17
6329,18
6330,55
6331,31
6332,17
6333,65
6334,15
6335,24
6336,60
6337,44
6338,24
6339,89
6340,82
6341,80
6342,50
6343,70
6344,39
6345,81
6346,74
6347,48
6348,19
6349,20
6350,62
6351,65
6352,28
6353,58
6354,35
6355,62
6356,71
6357,79
6358,29
6359,60
6360,12
6361,37
6362,51
6363,26
6364,22
6365,37
6366,42
6367,44
6368,46
6369,12
6370,19
6371,71
6372,92
6373,87
6374,18
6375,70
6376,16
6377,66
6378,20
6379,46
6380,61
6381,76
6382,37
6383,84
6384,72
6385,59
6386,52
6387,64
6388,83
6389,23
6390,29
6391,45
6392,58
6393,18
6394,20
6395,27
6396,65
6397,18
6398,21
6399,42
6400,41
6401,44
6402,20
6403,28
6404,43
6405,34
6406,55
6407,20
6408,63
6409,61
6410,51
6411,71
6412,26
6413,54
6414,29
6415,73
6416,32
6417,26
6418,20
6419,53
6420,28
6421,87
6422,80
6423,32
6424,47
6425,43
6426,45
6427,27
6428,33
6429,60
6430,25
6431,53
6432,68
6433,82
6434,28
6435,28
6436,19
6437,18
6438,17
6439,77
6440,82
6441,57
6442,39
6443,19
6444,14
6445,26
6446,8
6447,41
6448,62
6449,97
6450,74
6451,13
6452,62
6453,25
6454,31
6455,28
6456,23
6457,94
6458,7
6459,43
6460,14
6461,69
6462,49
6463,19
6464,44
6465,49
6466,25
6467,25
6468,35
6469,38
6470,62
6471,68
6472,72
6473,36
6474,19
6475,31
6476,36
6477,27
6478,18
6479,17
6480,36
6481,37
6482,22
6483,18
6484,75
6485,41
6486,51
6487,49
6488,28
6489,17
6490,32
6491,26
6492,73
6493,22
6494,83
6495,37
6496,28
6497,46
6498,39
6499,33
6500,45
6501,45
6502,76
6503,17
6504,44
6505,72
6506,69
6507,51
6508,34
6509,33
6510,93
6511,27
6512,74
6513,63
6514,79
6515,42
6516,42
6517,27
6518,50
6519,31
6520,32
6521,48
6522,32
6523,31
6524,49
6525,61
6526,65
6527,92
6528,8
6529,52
6530,77
6531,24
6532,52
6533,59
6534,59
6535,48
6536,25
6537,17
6538,23
6539,45
6540,20
6541,23
6542,50
6543,37
6544,18
6545,9
6546,74
6547,86
6548,44
6549,58
6550,21
6551,38
6552,37
6553,27
6554,15
6555,49
6556,43
6557,29
6558,37
6559,56
6560,77
6561,28
6562,76
6563,25
6564,23
6565,46
6566,23
6567,44
6568,18
6569,37
6570,58
6571,38
6572,22
6573,26
6574,35
6575,20
6576,37
6577,28
6578,15
6579,32
6580,16
6581,74
6582,43
6583,53
6584,54
6585,19
6586,47
6587,20
6588,45
6589,20
6590,62
6591,40
6592,49
6593,72
6594,20
6595,20
6596,19
6597,18
6598,61
6599,22
6600,42
6601,27
6602,27
6603,19
6604,37
6605,34
6606,80
6607,76
6608,83
6609,75
6610,16
6611,16
6612,48
6613,67
6614,25
6615,69
6616,82
6617,84
6618,78
6619,76
6620,77
6621,43
6622,66
6623,42
6624,41
6625,64
6626,56
6627,49
6628,25
6629,45
6630,37
6631,32
6632,16
6633,77
6634,54
6635,24
6636,37
6637,60
6638,39
6639,36
6640,30
6641,30
6642,46
6643,66
6644,24
6645,53
6646,51
6647,82
6648,88
6649,76
6650,14
6651,39
6652,48
6653,68
6654,74
6655,39
6656,24
6657,19
6658,12
6659,16
6660,31
6661,31
6662,53
6663,20
6664,22
6665,10
6666,21
6667,38
6668,59
6669,34
6670,27
6671,56
6672,20
6673,58
6674,17
6675,62
6676,60
6677,14
6678,54
6679,37
6680,26
6681,10
6682,72
6683,76
6684,54
6685,59
6686,38
6687,64
6688,34
6689,22
6690,25
6691,36
6692,44
6693,44
6694,86
6695,92
6696,50
6697,69
6698,82
6699,52
6700,34
6701,71
6702,72
6703,57
6704,21
6705,18
6706,36
6707,48
6708,20
6709,37
6710,35
6711,24
6712,24
6713,69
6714,89
6715,37
6716,43
6717,38
6718,37
6719,26
6720,35
6721,80
6722,53
6723,71
6724,26
6725,28
6726,68
6727,55
6728,57
6729,27
6730,47
6731,22
6732,33
6733,33
6734,65
6735,68
6736,50
6737,60
6738,52
6739,23
6740,81
6741,42
6742,28
6743,23
6744,20
6745,24
6746,32
6747,36
6748,30
6749,45
6750,4
6751,35
6752,71
6753,57
6754,41
6755,17
6756,4
6757,10
6758,48
6759,26
6760,27
6761,41
6762,22
6763,53
6764,32
6765,73
6766,57
6767,95
6768,41
6769,33
6770,70
6771,25
6772,32
6773,30
6774,87
6775,82
6776,26
6777,72
6778,55
6779,82
6780,43
6781,49
6782,71
6783,73
6784,23
6785,46
6786,22
6787,69
6788,62
6789,88
6790,84
6791,49
6792,89
6793,22
6794,19
6795,52
6796,30
6797,46
6798,15
6799,23
6800,24
6801,34
6802,26
6803,42
6804,37
6805,50
6806,71
6807,41
6808,9
6809,59
6810,71
6811,24
6812,69
6813,49
6814,40
6815,65
6816,22
6817,24
6818,31
6819,76
6820,61
6821,57
6822,56
6823,82
6824,62
6825,32
6826,46
6827,20
6828,25
6829,32
6830,50
6831,80
6832,72
6833,22
6834,26
6835,25
6836,69
6837,20
6838,26
6839,19
6840,61
6841,42
6842,67
6843,40
6844,55
6845,39
6846,30
6847,50
6848,78
6849,36
6850,59
6851,35
6852,44
6853,50
6854,52
6855,47
6856,33
6857,19
6858,50
6859,67
6860,34
6861,24
6862,22
6863,72
6864,39
6865,77
6866,32
6867,33
6868,36
6869,33
6870,32
6871,54
6872,21
6873,67
6874,35
6875,91
6876,29
6877,71
6878,36
6879,47
6880,34
6881,60
6882,22
6883,59
6884,79
6885,55
6886,36
6887,34
6888,48
6889,65
6890,57
6891,33
6892,54
6893,25
6894,42
6895,22
6896,27
6897,83
6898,74
6899,31
6900,84
6901,66
6902,41
6903,23
6904,23
6905,22
6906,58
6907,8
6908,51
6909,23
6910,41
6911,44
6912,37
6913,50
6914,62
6915,64
6916,58
6917,46
6918,17
6919,58
6920,64
6921,74
6922,71
6923,75
6924,64
6925,34
6926,18
6927,24
6928,33
6929,67
6930,84
6931,15
6932,61
6933,81
6934,15
6935,28
6936,28
6937,49
6938,18
6939,85
6940,83
6941,46
6942,77
6943,37
6944,25
6945,19
6946,51
6947,43
6948,86
6949,75
6950,22
6951,43
6952,78
6953,75
6954,92
6955,78
6956,54
6957,22
6958,26
6959,43
6960,25
6961,14
6962,81
6963,75
6964,78
6965,57
6966,31
6967,73
6968,47
6969,30
6970,41
6971,19
6972,32
6973,29
6974,34
6975,79
6976,85
6977,43
6978,70
6979,72
6980,62
6981,19
6982,28
6983,43
6984,0
6985,36
6986,63
6987,19
6988,1
6989,36
6990,61
6991,54
6992,89
6993,59
6994,40
6995,26
6996,18
6997,33
6998,17
6999,16
7000,38
7001,32
7002,24
7003,19
7004,27
7005,37
7006,28
7007,94
7008,63
7009,57
7010,61
7011,45
7012,56
7013,54
7014,59
7015,64
7016,83
7017,86
7018,52
7019,65
7020,36
7021,62
7022,84
7023,68
7024,31
7025,20
7026,24
7027,24
7028,70
7029,68
7030,24
7031,22
7032,17
7033,56
7034,59
7035,74
7036,82
7037,51
7038,35
7039,38
7040,53
7041,65
7042,70
7043,64
7044,63
7045,41
7046,27
7047,23
7048,32
7049,84
7050,51
7051,48
7052,67
7053,35
7054,38
7055,25
7056,23
7057,92
7058,19
7059,19
7060,3
7061,43
7062,19
7063,55
7064,89
7065,77
7066,62
7067,31
7068,86
7069,78
7070,41
7071,60
7072,81
7073,24
7074,74
7075,17
7076,46
7077,14
7078,53
7079,40
7080,26
7081,87
7082,20
7083,17
7084,27
7085,27
7086,40
7087,29
7088,21
7089,27
7090,20
7091,63
7092,63
7093,55
7094,93
7095,30
7096,32
7097,28
7098,54
7099,66
7100,20
7101,16
7102,66
7103,19
7104,62
7105,18
7106,35
7107,22
7108,26
7109,21
7110,34
7111,64
7112,28
7113,35
7114,48
7115,56
7116,17
7117,34
7118,56
7119,62
7120,42
7121,72
7122,24
7123,49
7124,26
7125,23
7126,21
7127,60
7128,73
7129,67
7130,4
7131,32
7132,19
7133,56
7134,44
7135,80
7136,86
7137,69
7138,39
7139,25
7140,84
7141,71
7142,9
7143,33
7144,37
7145,26
7146,29
7147,81
7148,81
7149,19
7150,63
7151,22
7152,17
7153,30
7154,42
7155,96
7156,42
7157,60
7158,56
7159,43
7160,56
7161,56
7162,66
7163,69
7164,68
7165,16
7166,39
7167,28
7168,18
7169,55
7170,35
7171,57
7172,52
7173,32
7174,65
7175,57
7176,73
7177,60
7178,10
7179,18
7180,42
7181,17
7182,85
7183,26
7184,62
7185,68
7186,74
7187,21
7188,57
7189,32
7190,25
7191,34
7192,27
7193,24
7194,32
7195,45
7196,37
7197,17
7198,29
7199,48
7200,78
7201,70
7202,54
7203,34
7204,54
7205,46
7206,40
7207,37
7208,32
7209,19
7210,25
7211,44
7212,30
7213,63
7214,22
7215,62
7216,64
7217,36
7218,25
7219,46
7220,30
7221,28
7222,49
7223,92
7224,27
7225,58
7226,83
7227,52
7228,69
7229,38
7230,29
7231,16
7232,46
7233,36
7234,22
7235,22
7236,54
7237,58
7238,83
7239,26
7240,17
7241,27
7242,1
7243,15
7244,83
7245,46
7246,54
7247,17
7248,22
7249,42
7250,80
7251,39
7252,21
7253,24
7254,20
7255,81
7256,49
7257,78
7258,62
7259,19
7260,23
7261,43
7262,51
7263,17
7264,40
7265,40
7266,54
7267,38
7268,58
7269,75
7270,27
7271,81
7272,50
7273,57
7274,21
7275,62
7276,50
7277,48
7278,39
7279,45
7280,57
7281,64
7282,47
7283,65
7284,58
7285,39
7286,27
7287,24
7288,81
7289,62
7290,60
7291,31
7292,18
7293,39
7294,57
7295,21
7296,59
7297,78
7298,28
7299,76
7300,63
7301,55
7302,66
7303,73
7304,48
7305,80
7306,41
7307,44
7308,49
7309,23
7310,23
7311,58
7312,61
7313,30
7314,71
7315,56
7316,36
7317,85
7318,20
7319,41
7320,74
7321,79
7322,18
7323,46
7324,27
7325,25
7326,66
7327,18
7328,19
7329,21
7330,80
7331,59
7332,7
7333,27
7334,86
7335,24
7336,19
7337,58
7338,39
7339,21
7340,49
7341,72
7342,41
7343,69
7344,64
7345,62
7346,66
7347,21
7348,36
7349,70
7350,23
7351,38
7352,54
7353,61
7354,22
7355,57
7356,23
7357,77
7358,43
7359,93
7360,85
7361,72
7362,48
7363,55
7364,80
7365,60
7366,29
7367,33
7368,54
7369,67
7370,22
7371,44
7372,46
7373,21
7374,56
7375,91
7376,56
7377,18
7378,59
7379,46
7380,73
7381,78
7382,47
7383,45
7384,38
7385,28
7386,53
7387,59
7388,67
7389,18
7390,57
7391,78
7392,23
7393,58
7394,24
7395,69
7396,34
7397,26
7398,59
7399,83
7400,62
7401,38
7402,19
7403,41
7404,36
7405,35
7406,25
7407,17
7408,57
7409,18
7410,42
7411,25
7412,25
7413,49
7414,27
7415,24
7416,50
7417,40
7418,40
7419,50
7420,35
7421,48
7422,22
7423,41
7424,72
7425,75
7426,55
7427,55
7428,15
7429,24
7430,73
7431,71
7432,77
7433,65
7434,51
7435,56
7436,25
7437,79
7438,19
7439,66
7440,29
7441,24
7442,19
7443,17
7444,35
7445,22
7446,21
7447,24
7448,17
7449,63
7450,60
7451,69
7452,28
7453,50
7454,21
7455,52
7456,44
7457,78
7458,81
7459,19
7460,45
7461,16
7462,93
7463,25
7464,28
7465,43
7466,42
7467,59
7468,43
7469,66
7470,48
7471,30
7472,86
7473,37
7474,45
7475,27
7476,47
7477,18
7478,35
7479,18
7480,34
7481,35
7482,63
7483,91
7484,50
7485,46
7486,49
7487,30
7488,20
7489,45
7490,7
7491,35
7492,44
7493,75
7494,75
7495,64
7496,72
7497,82
7498,59
7499,82
7500,34
7501,44
7502,24
7503,72
7504,24
7505,27
7506,56
7507,25
7508,49
7509,17
7510,36
7511,18
7512,22
7513,43
7514,67
7515,31
7516,62
7517,24
7518,28
7519,36
7520,21
7521,68
7522,85
7523,66
7524,30
7525,47
7526,31
7527,42
7528,43
7529,46
7530,19
7531,53
7532,29
7533,39
7534,44
7535,60
7536,64
7537,56
7538,70
7539,72
7540,59
7541,79
7542,33
7543,8
7544,27
7545,45
7546,48
7547,32
7548,20
7549,67
7550,38
7551,37
7552,89
7553,80
7554,47
7555,71
7556,98
7557,69
7558,2
7559,59
7560,60
7561,49
7562,55
7563,47
7564,22
7565,54
7566,74
7567,22
7568,20
7569,84
7570,60
7571,54
7572,35
7573,82
7574,61
7575,33
7576,43
7577,80
7578,43
7579,42
7580,41
7581,47
7582,19
7583,60
7584,41
7585,18
7586,17
7587,34
7588,65
7589,34
7590,33
7591,17
7592,16
7593,57
7594,38
7595,46
7596,77
7597,65
7598,53
7599,39
7600,73
7601,67
7602,34
7603,19
7604,49
7605,40
7606,25
7607,67
7608,53
7609,46
7610,20
7611,17
7612,26
7613,23
7614,73
7615,23
7616,68
7617,97
7618,61
7619,71
7620,87
7621,68
7622,39
7623,37
7624,23
7625,23
7626,37
7627,62
7628,13
7629,78
7630,69
7631,48
7632,78
7633,58
7634,62
7635,78
7636,46
7637,48
7638,62
7639,44
7640,68
7641,48
7642,24
7643,29
7644,47
7645,29
7646,21
7647,56
7648,55
7649,60
7650,59
7651,69
7652,93
7653,59
7654,18
7655,69
7656,18
7657,37
7658,26
7659,34
7660,70
7661,29
7662,44
7663,42
7664,72
7665,19
7666,32
7667,57
7668,33
7669,83
7670,48
7671,70
7672,20
7673,63
7674,76
7675,70
7676,21
7677,18
7678,36
7679,61
7680,69
7681,34
7682,46
7683,44
7684,69
7685,43
7686,22
7687,83
7688,32
7689,39
7690,52
7691,41
7692,62
7693,71
7694,19
7695,19
7696,77
7697,26
7698,42
7699,53
7700,89
7701,66
7702,40
7703,44
7704,40
7705,29
7706,49
7707,86
7708,20
7709,19
7710,20
7711,39
7712,31
7713,22
7714,64
7715,69
7716,61
7717,23
7718,22
7719,42
7720,44
7721,34
7722,67
7723,22
7724,30
7725,81
7726,46
7727,31
7728,24
7729,20
7730,19
7731,24
7732,53
7733,32
7734,29
7735,77
7736,32
7737,18
7738,15
7739,23
7740,27
7741,66
7742,18
7743,51
7744,78
7745,16
7746,64
7747,67
7748,54
7749,42
7750,21
7751,25
7752,47
7753,73
7754,72
7755,75
7756,70
7757,58
7758,16
7759,69
7760,79
7761,38
7762,40
7763,21
7764,55
7765,5
7766,41
7767,87
7768,48
7769,18
7770,86
7771,87
7772,64
7773,56
7774,21
7775,21
7776,29
7777,39
7778,52
7779,75
7780,79
7781,70
7782,60
7783,47
7784,51
7785,43
7786,38
7787,87
7788,38
7789,20
7790,34
7791,20
7792,75
7793,60
7794,55
7795,22
7796,18
7797,82
7798,85
7799,26
7800,19
7801,26
7802,21
7803,19
7804,44
7805,32
7806,48
7807,24
7808,28
7809,46
7810,79
7811,27
7812,19
7813,21
7814,23
7815,23
7816,40
7817,76
7818,81
7819,81
7820,77
7821,37
7822,53
7823,37
7824,17
7825,72
7826,28
7827,46
7828,64
7829,50
7830,50
7831,34
7832,38
7833,6
7834,83
7835,29
7836,45
7837,83
7838,45
7839,93
7840,25
7841,35
7842,43
7843,57
7844,86
7845,81
7846,33
7847,56
7848,24
7849,62
7850,49
7851,54
7852,43
7853,49
7854,59
7855,19
7856,90
7857,95
7858,76
7859,69
7860,56
7861,80
7862,18
7863,29
7864,77
7865,84
7866,75
7867,72
7868,76
7869,82
7870,41
7871,65
7872,71
7873,72
7874,49
7875,65
7876,48
7877,29
7878,66
7879,24
7880,40
7881,14
7882,44
7883,17
7884,22
7885,79
7886,82
7887,45
7888,83
7889,28
7890,49
7891,68
7892,21
7893,55
7894,23
7895,58
7896,18
7897,59
7898,34
7899,31
7900,42
7901,83
7902,82
7903,65
7904,82
7905,70
7906,36
7907,33
7908,40
7909,27
7910,22
7911,25
7912,65
7913,39
7914,16
7915,34
7916,79
7917,39
7918,41
7919,28
7920,21
7921,82
7922,31
7923,28
7924,55
7925,35
7926,27
7927,32
7928,18
7929,21
7930,52
7931,54
7932,29
7933,17
7934,19
7935,67
7936,18
7937,48
7938,29
7939,85
7940,61
7941,51
7942,31
7943,33
7944,67
7945,22
7946,26
7947,75
7948,17
7949,57
7950,69
7951,50
7952,20
7953,32
7954,51
7955,45
7956,25
7957,74
7958,58
7959,98
7960,61
7961,25
7962,39
7963,55
7964,83
7965,84
7966,16
7967,27
7968,35
7969,72
7970,71
7971,65
7972,87
7973,64
7974,76
7975,21
7976,67
7977,78
7978,84
7979,66
7980,94
7981,47
7982,0
7983,4
7984,38
7985,43
7986,80
7987,96
7988,64
7989,21
7990,3
7991,77
7992,71
7993,24
7994,48
7995,41
7996,28
7997,51
7998,74
7999,64
8000,26
8001,30
8002,56
8003,45
8004,46
8005,84
8006,22
8007,37
8008,84
8009,66
8010,44
8011,51
8012,47
8013,22
8014,40
8015,70
8016,34
8017,46
8018,19
8019,77
8020,36
8021,42
8022,30
8023,44
8024,30
8025,57
8026,21
8027,63
8028,58
8029,59
8030,48
8031,35
8032,34
8033,45
8034,26
8035,23
8036,67
8037,21
8038,30
8039,25
8040,18
8041,55
8042,62
8043,78
8044,6
8045,74
8046,21
8047,25
8048,50
8049,30
8050,42
8051,17
8052,30
8053,22
8054,31
8055,18
8056,26
8057,36
8058,35
8059,63
8060,55
8061,65
8062,66
8063,47
8064,65
8065,83
8066,36
8067,26
8068,19
8069,21
8070,42
8071,32
8072,80
8073,95
8074,91
8075,70
8076,79
8077,66
8078,60
8079,35
8080,31
8081,27
8082,57
8083,60
8084,93
8085,80
8086,34
8087,80
8088,80
8089,93
8090,33
8091,58
8092,23
8093,44
8094,24
8095,22
8096,36
8097,48
8098,62
8099,75
8100,44
8101,83
8102,49
8103,4
8104,19
8105,26
8106,41
8107,36
8108,63
8109,17
8110,19
8111,15
8112,53
8113,21
8114,86
8115,68
8116,30
8117,26
8118,52
8119,75
8120,62
8121,44
8122,19
8123,43
8124,9
8125,12
8126,45
8127,45
8128,64
8129,28
8130,49
8131,42
8132,26
8133,91
8134,86
8135,23
8136,24
8137,20
8138,59
8139,2
8140,65
8141,50
8142,45
8143,33
8144,91
8145,81
8146,62
8147,45
8148,48
8149,89
8150,36
8151,34
8152,49
8153,62
8154,37
8155,21
8156,51
8157,68
8158,40
8159,70
8160,40
8161,40
8162,22
8163,67
8164,54
8165,32
8166,43
8167,46
8168,89
8169,18
8170,49
8171,79
8172,40
8173,87
8174,91
8175,19
8176,70
8177,46
8178,79
8179,40
8180,55
8181,20
8182,45
8183,91
8184,58
8185,39
8186,16
8187,48
8188,27
8189,18
8190,30
8191,44
8192,55
8193,101
8194,4
8195,77
8196,68
8197,26
8198,22
8199,90
8200,19
8201,89
8202,54
8203,43
8204,36
8205,90
8206,11
8207,7
8208,43
8209,85
8210,30
8211,22
8212,38
8213,38
8214,21
8215,51
8216,73
8217,50
8218,44
8219,66
8220,36
8221,44
8222,26
8223,91
8224,50
8225,28
8226,68
8227,21
8228,22
8229,32
8230,16
8231,31
8232,32
8233,17
8234,22
8235,19
8236,46
8237,69
8238,48
8239,79
8240,25
8241,19
8242,19
8243,27
8244,25
8245,40
8246,19
8247,27
8248,70
8249,24
8250,56
8251,47
8252,38
8253,34
8254,18
8255,33
8256,64
8257,50
8258,52
8259,77
8260,39
8261,14
8262,29
8263,82
8264,18
8265,21
8266,85
8267,40
8268,34
8269,20
8270,37
8271,25
8272,56
8273,31
8274,59
8275,72
8276,72
8277,61
8278,75
8279,90
8280,48
8281,69
8282,66
8283,5
8284,75
8285,79
8286,18
8287,69
8288,58
8289,19
8290,39
8291,27
8292,39
8293,32
8294,35
8295,49
8296,18
8297,27
8298,33
8299,54
8300,42
8301,85
8302,50
8303,75
8304,30
8305,66
8306,35
8307,64
8308,32
8309,76
8310,35
8311,30
8312,64
8313,55
8314,56
8315,43
8316,22
8317,30
8318,28
8319,33
8320,20
8321,22
8322,18
8323,24
8324,75
8325,50
8326,65
8327,27
8328,47
8329,51
8330,18
8331,17
8332,35
8333,19
8334,18
8335,52
8336,3
8337,25
8338,39
8339,34
8340,56
8341,63
8342,61
8343,16
8344,85
8345,72
8346,59
8347,27
8348,28
8349,21
8350,50
8351,47
8352,53
8353,44
8354,52
8355,22
8356,34
8357,16
8358,49
8359,7
8360,32
8361,13
8362,54
8363,3
8364,73
8365,20
8366,17
8367,7
8368,22
8369,43
8370,39
8371,74
8372,81
8373,35
8374,91
8375,79
8376,46
8377,19
8378,23
8379,15
8380,50
8381,18
8382,31
8383,84
8384,80
8385,58
8386,49
8387,25
8388,45
8389,38
8390,21
8391,62
8392,55
8393,22
8394,40
8395,40
8396,41
8397,85
8398,78
8399,22
8400,36
8401,86
8402,33
8403,34
8404,15
8405,15
8406,21
8407,20
8408,21
8409,59
8410,43
8411,83
8412,61
8413,68
8414,47
8415,20
8416,30
8417,34
8418,22
8419,22
8420,32
8421,75
8422,2
8423,25
8424,76
8425,64
8426,62
8427,18
8428,36
8429,45
8430,34
8431,24
8432,38
8433,59
8434,39
8435,59
8436,82
8437,56
8438,88
8439,93
8440,53
8441,20
8442,19
8443,48
8444,63
8445,70
8446,87
8447,62
8448,18
8449,17
8450,91
8451,89
8452,93
8453,42
8454,3
8455,17
8456,36
8457,84
8458,50
8459,19
8460,46
8461,36
8462,41
8463,59
8464,62
8465,48
8466,48
8467,30
8468,53
8469,71
8470,79
8471,51
8472,26
8473,59
8474,52
8475,34
8476,96
8477,67
8478,61
8479,28
8480,24
8481,19
8482,23
8483,40
8484,69
8485,49
8486,19
8487,21
8488,52
8489,75
8490,22
8491,64
8492,23
8493,27
8494,67
8495,68
8496,21
8497,52
8498,38
8499,25
8500,19
8501,18
8502,41
8503,56
8504,70
8505,44
8506,29
8507,57
8508,81
8509,1
8510,79
8511,34
8512,4
8513,52
8514,29
8515,20
8516,23
8517,79
8518,74
8519,41
8520,44
8521,60
8522,14
8523,31
8524,39
8525,26
8526,24
8527,78
8528,54
8529,79
8530,75
8531,66
8532,17
8533,10
8534,24
8535,69
8536,45
8537,23
8538,18
8539,21
8540,47
8541,35
8542,75
8543,17
8544,21
8545,21
8546,68
8547,19
8548,19
8549,16
8550,20
8551,26
8552,76
8553,53
8554,23
8555,25
8556,56
8557,48
8558,17
8559,76
8560,35
8561,60
8562,46
8563,18
8564,38
8565,34
8566,53
8567,33
8568,67
8569,51
8570,66
8571,23
8572,58
8573,55
8574,27
8575,18
8576,18
8577,46
8578,29
8579,26
8580,86
8581,90
8582,24
8583,19
8584,38
8585,26
8586,35
8587,49
8588,36
8589,16
8590,40
8591,73
8592,45
8593,12
8594,22
8595,15
8596,32
8597,39
8598,19
8599,23
8600,2
8601,66
8602,46
8603,37
8604,25
8605,45
8606,85
8607,31
8608,22
8609,79
8610,45
8611,86
8612,23
8613,28
8614,17
8615,22
8616,25
8617,87
8618,1
8619,22
8620,55
8621,30
8622,34
8623,39
8624,41
8625,25
8626,11
8627,43
8628,72
8629,50
8630,36
8631,37
8632,14
8633,72
8634,44
8635,3
8636,28
8637,26
8638,52
8639,32
8640,81
8641,80
8642,69
8643,26
8644,49
8645,40
8646,26
8647,22
8648,85
8649,23
8650,44
8651,59
8652,72
8653,24
8654,45
8655,76
8656,75
8657,59
8658,48
8659,61
8660,43
8661,45
8662,46
8663,23
8664,48
8665,18
8666,17
8667,22
8668,14
8669,71
8670,52
8671,47
8672,40
8673,28
8674,15
8675,16
8676,24
8677,20
8678,16
8679,27
8680,66
8681,62
8682,22
8683,31
8684,25
8685,20
8686,37
8687,45
8688,29
8689,26
8690,79
8691,69
8692,57
8693,8
8694,10
8695,24
8696,59
8697,73
8698,19
8699,46
8700,49
8701,41
8702,76
8703,31
8704,36
8705,63
8706,17
8707,56
8708,27
8709,48
8710,56
8711,72
8712,50
8713,37
8714,35
8715,37
8716,36
8717,48
8718,29
8719,38
8720,28
8721,53
8722,20
8723,21
8724,41
8725,85
8726,30
8727,17
8728,74
8729,76
8730,36
8731,68
8732,20
8733,12
8734,91
8735,84
8736,20
8737,53
8738,53
8739,65
8740,50
8741,46
8742,22
8743,39
8744,71
8745,72
8746,75
8747,72
8748,82
8749,48
8750,79
8751,43
8752,36
8753,29
8754,22
8755,62
8756,58
8757,24
8758,36
8759,43
8760,66
8761,60
8762,32
8763,20
8764,25
8765,79
8766,43
8767,84
8768,87
8769,22
8770,76
8771,27
8772,2
8773,18
8774,29
8775,86
8776,28
8777,71
8778,20
8779,17
8780,22
8781,25
8782,23
8783,18
8784,54
8785,41
8786,20
8787,48
8788,65
8789,28
8790,24
8791,59
8792,73
8793,66
8794,15
8795,22
8796,52
8797,73
8798,96
8799,88
8800,34
8801,10
8802,32
8803,20
8804,47
8805,53
8806,27
8807,21
8808,45
8809,44
8810,32
8811,66
8812,30
8813,36
8814,32
8815,21
8816,41
8817,51
8818,38
8819,31
8820,30
8821,53
8822,22
8823,25
8824,54
8825,28
8826,20
8827,21
8828,69
8829,69
8830,66
8831,47
8832,42
8833,54
8834,20
8835,48
8836,44
8837,84
8838,81
8839,67
8840,24
8841,28
8842,40
8843,26
8844,59
8845,65
8846,83
8847,82
8848,44
8849,40
8850,45
8851,18
8852,18
8853,25
8854,43
8855,59
8856,19
8857,66
8858,46
8859,78
8860,28
8861,54
8862,32
8863,28
8864,75
8865,36
8866,43
8867,36
8868,27
8869,18
8870,21
8871,30
8872,31
8873,17
8874,33
8875,39
8876,45
8877,36
8878,42
8879,58
8880,41
8881,22
8882,67
8883,74
8884,46
8885,61
8886,4
8887,17
8888,26
8889,28
8890,52
8891,32
8892,39
8893,22
8894,20
8895,50
8896,67
8897,12
8898,17
8899,25
8900,2
8901,72
8902,46
8903,52
8904,43
8905,35
8906,62
8907,53
8908,47
8909,45
8910,63
8911,19
8912,3
8913,57
8914,22
8915,39
8916,16
8917,14
8918,34
8919,44
8920,16
8921,44
8922,28
8923,60
8924,61
8925,41
8926,59
8927,18
8928,22
8929,46
8930,23
8931,55
8932,46
8933,32
8934,25
8935,26
8936,43
8937,53
8938,38
8939,24
8940,59
8941,76
8942,52
8943,17
8944,48
8945,47
8946,89
8947,19
8948,26
8949,87
8950,58
8951,41
8952,87
8953,16
8954,0
8955,38
8956,25
8957,74
8958,76
8959,54
8960,73
8961,76
8962,49
8963,80
8964,60
8965,96
8966,34
8967,34
8968,18
8969,32
8970,16
8971,68
8972,67
8973,49
8974,90
8975,79
8976,83
8977,17
8978,26
8979,28
8980,23
8981,36
8982,44
8983,70
8984,42
8985,89
8986,39
8987,27
8988,33
8989,24
8990,53
8991,29
8992,60
8993,92
8994,62
8995,7
8996,53
8997,48
8998,45
8999,38
9000,39
9001,35
9002,1
9003,52
9004,40
9005,71
9006,39
9007,51
9008,30
9009,28
9010,63
9011,75
9012,57
9013,93
9014,82
9015,46
9016,93
9017,38
9018,32
9019,22
9020,1
9021,22
9022,33
9023,39
9024,30
9025,29
9026,44
9027,20
9028,46
9029,82
9030,23
9031,32
9032,76
9033,45
9034,23
9035,53
9036,43
9037,17
9038,43
9039,22
9040,71
9041,23
9042,17
9043,21
9044,69
9045,47
9046,20
9047,47
9048,93
9049,77
9050,5
9051,69
9052,10
9053,70
9054,10
9055,19
9056,19
9057,48
9058,13
9059,51
9060,26
9061,62
9062,23
9063,27
9064,17
9065,1
9066,51
9067,60
9068,36
9069,33
9070,71
9071,68
9072,19
9073,54
9074,24
9075,18
9076,75
9077,82
9078,32
9079,45
9080,81
9081,49
9082,80
9083,15
9084,2
9085,79
9086,49
9087,33
9088,35
9089,46
9090,47
9091,65
9092,59
9093,46
9094,32
9095,53
9096,49
9097,30
9098,30
9099,33
9100,46
9101,44
9102,26
9103,76
9104,70
9105,25
9106,17
9107,37
9108,41
9109,31
9110,22
9111,48
9112,24
9113,29
9114,30
9115,60
9116,43
9117,47
9118,26
9119,26
9120,43
9121,25
9122,76
9123,23
9124,82
9125,20
9126,77
9127,57
9128,18
9129,38
9130,47
9131,24
9132,30
9133,27
9134,36
9135,37
9136,7
9137,89
9138,87
9139,26
9140,84
9141,61
9142,84
9143,82
9144,64
9145,43
9146,20
9147,55
9148,88
9149,48
9150,19
9151,34
9152,54
9153,27
9154,69
9155,25
9156,58
9157,24
9158,65
9159,19
9160,67
9161,18
9162,24
9163,25
9164,40
9165,17
9166,37
9167,36
9168,36
9169,22
9170,24
9171,88
9172,60
9173,31
9174,65
9175,51
9176,67
9177,82
9178,48
9179,34
9180,36
9181,72
9182,5
9183,42
9184,75
9185,33
9186,22
9187,48
9188,30
9189,86
9190,44
9191,24
9192,45
9193,22
9194,48
9195,27
9196,20
9197,20
9198,31
9199,46
9200,60
9201,73
9202,41
9203,44
9204,35
9205,38
9206,40
9207,24
9208,61
9209,44
9210,40
9211,30
9212,61
9213,19
9214,21
9215,21
9216,28
9217,26
9218,92
9219,15
9220,84
9221,82
9222,67
9223,74
9224,75
9225,26
9226,63
9227,59
9228,17
9229,18
9230,37
9231,22
9232,36
9233,90
9234,33
9235,61
9236,43
9237,14
9238,50
9239,53
9240,46
9241,17
9242,31
9243,27
9244,57
9245,51
9246,30
9247,90
9248,89
9249,74
9250,23
9251,55
9252,37
9253,24
9254,46
9255,20
9256,88
9257,57
9258,49
9259,40
9260,37
9261,21
9262,49
9263,18
9264,56
9265,43
9266,26
9267,74
9268,4
9269,60
9270,45
9271,26
9272,9
9273,60
9274,61
9275,18
9276,49
9277,36
9278,27
9279,77
9280,20
9281,27
9282,42
9283,23
9284,56
9285,26
9286,64
9287,78
9288,0
9289,80
9290,11
9291,32
9292,38
9293,20
9294,60
9295,19
9296,19
9297,44
9298,84
9299,59
9300,61
9301,48
9302,58
9303,90
9304,71
9305,33
9306,20
9307,82
9308,84
9309,51
9310,21
9311,66
9312,21
9313,19
9314,43
9315,37
9316,21
9317,70
9318,16
9319,69
9320,29
9321,28
9322,16
9323,18
9324,43
9325,52
9326,31
9327,25
9328,57
9329,50
9330,72
9331,45
9332,18
9333,37
9334,86
9335,49
9336,54
9337,31
9338,32
9339,34
9340,56
9341,31
9342,24
9343,25
9344,19
9345,43
9346,68
9347,58
9348,76
9349,22
9350,31
9351,50
9352,17
9353,28
9354,30
9355,78
9356,26
9357,85
9358,67
9359,29
9360,25
9361,15
9362,52
9363,47
9364,29
9365,28
9366,62
9367,63
9368,59
9369,83
9370,68
9371,82
9372,73
9373,69
9374,18
9375,18
9376,47
9377,60
9378,50
9379,23
9380,28
9381,49
9382,50
9383,65
9384,82
9385,32
9386,38
9387,56
9388,69
9389,32
9390,62
9391,19
9392,19
9393,31
9394,28
9395,47
9396,19
9397,59
9398,67
9399,67
9400,72
9401,86
9402,25
9403,28
9404,83
9405,13
9406,20
9407,73
9408,61
9409,21
9410,27
9411,28
9412,57
9413,60
9414,20
9415,26
9416,49
9417,27
9418,28
9419,25
9420,49
9421,92
9422,45
9423,82
9424,61
9425,54
9426,30
9427,26
9428,48
9429,73
9430,77
9431,68
9432,80
9433,61
9434,26
9435,52
9436,91
9437,40
9438,32
9439,79
9440,68
9441,62
9442,25
9443,44
9444,24
9445,31
9446,22
9447,59
9448,41
9449,18
9450,39
9451,60
9452,67
9453,72
9454,46
9455,63
9456,32
9457,32
9458,46
9459,52
9460,80
9461,31
9462,51
9463,36
9464,21
9465,35
9466,50
9467,29
9468,47
9469,18
9470,36
9471,53
9472,88
9473,39
9474,45
9475,57
9476,40
9477,45
9478,54
9479,50
9480,66
9481,60
9482,63
9483,35
9484,84
9485,52
9486,34
9487,54
9488,71
9489,36
9490,24
9491,54
9492,35
9493,65
9494,45
9495,17
9496,82
9497,71
9498,16
9499,53
9500,26
9501,24
9502,36
9503,72
9504,42
9505,51
9506,16
9507,25
9508,26
9509,71
9510,52
9511,36
9512,67
9513,84
9514,24
9515,18
9516,45
9517,42
9518,68
9519,88
9520,72
9521,47
9522,72
9523,71
9524,19
9525,42
9526,24
9527,30
9528,26
9529,39
9530,18
9531,50
9532,45
9533,70
9534,70
9535,28
9536,21
9537,86
9538,43
9539,58
9540,45
9541,18
9542,79
9543,32
9544,85
9545,81
9546,40
9547,24
9548,87
9549,33
9550,73
9551,54
9552,15
9553,43
9554,18
9555,48
9556,14
9557,47
9558,43
9559,20
9560,77
9561,47
9562,43
9563,56
9564,48
9565,17
9566,16
9567,64
9568,44
9569,29
9570,84
9571,48
9572,46
9573,44
9574,31
9575,23
9576,54
9577,27
9578,46
9579,65
9580,94
9581,47
9582,68
9583,70
9584,82
9585,82
9586,16
9587,15
9588,27
9589,23
9590,31
9591,24
9592,18
9593,71
9594,20
9595,62
9596,44
9597,92
9598,2
9599,10
9600,28
9601,19
9602,18
9603,2
9604,42
9605,25
9606,17
9607,15
9608,17
9609,18
9610,66
9611,59
9612,27
9613,20
9614,72
9615,72
9616,11
9617,36
9618,55
9619,17
9620,14
9621,41
9622,49
9623,27
9624,16
9625,52
9626,65
9627,22
9628,65
9629,75
9630,31
9631,44
9632,49
9633,37
9634,46
9635,67
9636,53
9637,27
9638,19
9639,21
9640,17
9641,44
9642,36
9643,47
9644,22
9645,83
9646,68
9647,70
9648,23
9649,32
9650,14
9651,7
9652,75
9653,45
9654,58
9655,45
9656,54
9657,77
9658,67
9659,94
9660,18
9661,55
9662,24
9663,24
9664,62
9665,39
9666,31
9667,97
9668,52
9669,60
9670,43
9671,20
9672,29
9673,53
9674,89
9675,89
9676,91
9677,88
9678,88
9679,63
9680,29
9681,57
9682,23
9683,45
9684,78
9685,42
9686,30
9687,46
9688,65
9689,23
9690,47
9691,28
9692,41
9693,49
9694,32
9695,57
9696,28
9697,49
9698,28
9699,23
9700,53
9701,76
9702,30
9703,34
9704,51
9705,37
9706,50
9707,57
9708,31
9709,46
9710,74
9711,25
9712,35
9713,30
9714,29
9715,32
9716,40
9717,18
9718,74
9719,76
9720,87
9721,74
9722,39
9723,69
9724,33
9725,27
9726,60
9727,42
9728,73
9729,86
9730,61
9731,74
9732,75
9733,41
9734,39
9735,36
9736,8
9737,44
9738,27
9739,87
9740,47
9741,48
9742,73
9743,55
9744,55
9745,93
9746,7
9747,18
9748,30
9749,43
9750,77
9751,73
9752,93
9753,16
9754,79
9755,42
9756,23
9757,64
9758,47
9759,74
9760,55
9761,18
9762,28
9763,19
9764,41
9765,30
9766,40
9767,87
9768,37
9769,13
9770,32
9771,17
9772,27
9773,60
9774,89
9775,44
9776,16
9777,60
9778,38
9779,37
9780,68
9781,35
9782,18
9783,53
9784,42
9785,51
9786,72
9787,71
9788,89
9789,88
9790,24
9791,28
9792,4
9793,26
9794,18
9795,24
9796,22
9797,40
9798,46
9799,50
9800,76
9801,75
9802,33
9803,73
9804,40
9805,17
9806,20
9807,20
9808,28
9809,2
9810,16
9811,18
9812,17
9813,61
9814,74
9815,58
9816,27
9817,72
9818,73
9819,47
9820,17
9821,31
9822,60
9823,27
9824,79
9825,51
9826,86
9827,27
9828,33
9829,21
9830,65
9831,59
9832,72
9833,32
9834,39
9835,70
9836,28
9837,19
9838,27
9839,38
9840,56
9841,16
9842,86
9843,55
9844,33
9845,41
9846,18
9847,19
9848,31
9849,20
9850,47
9851,56
9852,18
9853,22
9854,85
9855,18
9856,17
9857,26
9858,54
9859,18
9860,19
9861,16
9862,18
9863,16
9864,18
9865,25
9866,31
9867,18
9868,19
9869,27
9870,54
9871,77
9872,52
9873,23
9874,82
9875,48
9876,21
9877,75
9878,36
9879,82
9880,49
9881,23
9882,18
9883,19
9884,33
9885,78
9886,20
9887,37
9888,23
9889,68
9890,67
9891,50
9892,54
9893,33
9894,46
9895,18
9896,21
9897,29
9898,30
9899,93
9900,76
9901,73
9902,14
9903,49
9904,82
9905,67
9906,51
9907,36
9908,40
9909,40
9910,23
9911,57
9912,33
9913,2
9914,56
9915,18
9916,21
9917,27
9918,73
9919,91
9920,82
9921,76
9922,12
9923,23
9924,56
9925,17
9926,22
9927,59
9928,42
9929,36
9930,8
9931,9
9932,46
9933,34
9934,61
9935,27
9936,29
9937,22
9938,19
9939,44
9940,17
9941,16
9942,54
9943,50
9944,78
9945,78
9946,8
9947,61
9948,68
9949,88
9950,56
9951,19
9952,18
9953,61
9954,21
9955,20
9956,65
9957,61
9958,13
9959,24
9960,59
9961,31
9962,18
9963,77
9964,86
9965,84
9966,61
9967,87
9968,24
9969,44
9970,91
9971,51
9972,17
9973,29
9974,65
9975,61
9976,23
9977,36
9978,43
9979,48
9980,71
9981,27
9982,60
9983,55
9984,2
9985,44
9986,28
9987,46
9988,67
9989,23
9990,22
9991,65
9992,42
9993,27
9994,52
9995,34
9996,19
9997,34
9998,27
9999,12
10000,25
10001,25
10002,25
10003,57
10004,62
10005,23
10006,21
10007,13
10008,47
10009,42
10010,19
10011,54
10012,45
10013,15
10014,21
10015,17
10016,22
10017,46
10018,40
10019,35
10020,28
10021,47
10022,40
10023,45
10024,64
10025,47
10026,44
10027,54
10028,32
10029,60
10030,88
10031,84
10032,87
10033,42
10034,17
10035,51
10036,27
10037,37
10038,88
10039,29
10040,38
10041,94
10042,90
10043,83
10044,37
10045,28
10046,47
10047,22
10048,47
10049,28
10050,28
10051,35
10052,43
10053,53
10054,78
10055,36
10056,64
10057,26
10058,25
10059,22
10060,39
10061,64
10062,25
10063,79
10064,33
10065,70
10066,29
10067,88
10068,30
10069,25
10070,26
10071,55
10072,67
10073,17
10074,50
10075,26
10076,42
10077,39
10078,0
10079,29
10080,65
10081,31
10082,57
10083,72
10084,65
10085,60
10086,49
10087,49
10088,32
10089,54
10090,25
10091,19
10092,65
10093,93
10094,56
10095,23
10096,46
10097,45
10098,23
10099,23
10100,86
10101,83
10102,77
10103,29
10104,49
10105,45
10106,61
10107,28
10108,21
10109,74
10110,62
10111,18
10112,36
10113,66
10114,17
10115,29
10116,26
10117,60
10118,47
10119,52
10120,29
10121,81
10122,37
10123,38
10124,86
10125,67
10126,45
10127,82
10128,20
10129,26
10130,18
10131,27
10132,85
10133,60
10134,60
10135,75
10136,43
10137,41
10138,73
10139,76
10140,47
10141,20
10142,40
10143,22
10144,31
10145,52
10146,47
10147,89
10148,43
10149,33
10150,51
10151,53
10152,7
10153,69
10154,32
10155,36
10156,56
10157,35
10158,29
10159,28
10160,31
10161,42
10162,49
10163,45
10164,15
10165,55
10166,59
10167,33
10168,33
10169,27
10170,47
10171,33
10172,49
10173,53
10174,81
10175,58
10176,71
10177,84
10178,11
10179,38
10180,73
10181,17
10182,22
10183,50
10184,56
10185,28
10186,22
10187,20
10188,22
10189,70
10190,4
10191,73
10192,51
10193,7
10194,40
10195,40
10196,64
10197,61
10198,43
10199,84
10200,24
10201,24
10202,25
10203,34
10204,16
10205,22
10206,45
10207,68
10208,2
10209,57
10210,0
10211,19
10212,27
10213,42
10214,34
10215,65
10216,78
10217,30
10218,43
10219,19
10220,18
10221,48
10222,48
10223,37
10224,32
10225,70
10226,11
10227,65
10228,46
10229,54
10230,57
10231,40
10232,32
10233,23
10234,70
10235,54
10236,73
10237,47
10238,41
10239,84
10240,87
10241,8
10242,62
10243,41
10244,4
10245,21
10246,23
10247,58
10248,13
10249,69
10250,21
10251,30
10252,97
10253,23
10254,34
10255,28
10256,49
10257,70
10258,35
10259,27
10260,21
10261,42
10262,32
10263,64
10264,33
10265,47
10266,21
10267,64
10268,20
10269,15
10270,18
10271,21
10272,34
10273,32
10274,16
10275,31
10276,94
10277,15
10278,20
10279,27
10280,1
10281,38
10282,8
10283,5
10284,82
10285,38
10286,83
10287,64
10288,30
10289,64
10290,53
10291,64
10292,25
10293,19
10294,66
10295,40
10296,58
10297,21
10298,26
10299,26
10300,56
10301,72
10302,65
10303,35
10304,25
10305,22
10306,22
10307,45
10308,79
10309,44
10310,36
10311,81
10312,38
10313,48
10314,87
10315,53
10316,67
10317,28
10318,57
10319,81
10320,74
10321,73
10322,23
10323,57
10324,46
10325,72
10326,41
10327,56
10328,50
10329,64
10330,64
10331,50
10332,81
10333,85
10334,38
10335,18
10336,55
10337,86
10338,70
10339,80
10340,60
10341,22
10342,44
10343,46
10344,87
10345,15
10346,2
10347,22
10348,23
10349,19
10350,24
10351,36
10352,72
10353,21
10354,84
10355,33
10356,28
10357,10
10358,76
10359,50
10360,68
10361,32
10362,68
10363,83
10364,46
10365,49
10366,66
10367,32
10368,40
10369,27
10370,57
10371,72
10372,31
10373,76
10374,43
10375,63
10376,19
10377,60
10378,82
10379,27
10380,25
10381,20
10382,88
10383,20
10384,71
10385,91
10386,38
10387,20
10388,90
10389,19
10390,23
10391,28
10392,70
10393,83
10394,49
10395,46
10396,80
10397,65
10398,73
10399,77
10400,45
10401,43
10402,60
10403,70
10404,26
10405,54
10406,20
10407,61
10408,35
10409,63
10410,42
10411,28
10412,26
10413,20
10414,26
10415,35
10416,70
10417,32
10418,86
10419,36
10420,17
10421,19
10422,21
10423,27
10424,47
10425,45
10426,71
10427,44
10428,24
10429,26
10430,41
10431,28
10432,14
10433,5
10434,49
10435,35
10436,62
10437,40
10438,82
10439,20
10440,49
10441,51
10442,20
10443,32
10444,50
10445,46
10446,87
10447,66
10448,32
10449,25
10450,31
10451,44
10452,61
10453,33
10454,26
10455,17
10456,33
10457,42
10458,19
10459,0
10460,21
10461,54
10462,63
10463,64
10464,42
10465,63
10466,60
10467,49
10468,47
10469,42
10470,20
10471,82
10472,43
10473,65
10474,45
10475,40
10476,26
10477,18
10478,14
10479,82
10480,87
10481,41
10482,43
10483,18
10484,28
10485,26
10486,36
10487,34
10488,82
10489,84
10490,46
